fecha,producto_id,producto_nombre,categoria,unidades_vendidas,precio_unitario,stock_actual
2026-01-07,P001,Coca Cola 500ml,Bebidas,45,3.5,541
2026-01-08,P001,Coca Cola 500ml,Bebidas,52,3.5,489
2026-01-09,P001,Coca Cola 500ml,Bebidas,49,3.5,440
2026-01-10,P001,Coca Cola 500ml,Bebidas,49,3.5,391
2026-01-11,P001,Coca Cola 500ml,Bebidas,68,3.5,323
2026-01-12,P001,Coca Cola 500ml,Bebidas,46,3.5,277
2026-01-13,P001,Coca Cola 500ml,Bebidas,36,3.5,241
2026-01-14,P001,Coca Cola 500ml,Bebidas,44,3.5,197
2026-01-15,P001,Coca Cola 500ml,Bebidas,36,3.5,161
2026-01-16,P001,Coca Cola 500ml,Bebidas,47,3.5,114
2026-01-17,P001,Coca Cola 500ml,Bebidas,54,3.5,60
2026-01-18,P001,Coca Cola 500ml,Bebidas,32,3.5,28
2026-01-19,P001,Coca Cola 500ml,Bebidas,26,3.5,2
2026-01-20,P001,Coca Cola 500ml,Bebidas,35,3.5,571
2026-01-21,P001,Coca Cola 500ml,Bebidas,37,3.5,534
2026-01-22,P001,Coca Cola 500ml,Bebidas,34,3.5,500
2026-01-23,P001,Coca Cola 500ml,Bebidas,45,3.5,455
2026-01-24,P001,Coca Cola 500ml,Bebidas,30,3.5,425
2026-01-25,P001,Coca Cola 500ml,Bebidas,46,3.5,379
2026-01-26,P001,Coca Cola 500ml,Bebidas,45,3.5,334
2026-01-27,P001,Coca Cola 500ml,Bebidas,61,3.5,273
2026-01-28,P001,Coca Cola 500ml,Bebidas,43,3.5,230
2026-01-29,P001,Coca Cola 500ml,Bebidas,41,3.5,189
2026-01-30,P001,Coca Cola 500ml,Bebidas,47,3.5,142
2026-01-31,P001,Coca Cola 500ml,Bebidas,46,3.5,96
2026-02-01,P001,Coca Cola 500ml,Bebidas,63,3.5,33
2026-02-02,P001,Coca Cola 500ml,Bebidas,32,3.5,1
2026-02-03,P001,Coca Cola 500ml,Bebidas,0,3.5,1
2026-02-04,P001,Coca Cola 500ml,Bebidas,0,3.5,1
2026-02-05,P001,Coca Cola 500ml,Bebidas,39,3.5,546
2026-02-06,P001,Coca Cola 500ml,Bebidas,62,3.5,484
2026-02-07,P001,Coca Cola 500ml,Bebidas,40,3.5,444
2026-02-08,P001,Coca Cola 500ml,Bebidas,55,3.5,389
2026-02-09,P001,Coca Cola 500ml,Bebidas,24,3.5,365
2026-02-10,P001,Coca Cola 500ml,Bebidas,30,3.5,335
2026-02-11,P001,Coca Cola 500ml,Bebidas,42,3.5,293
2026-02-12,P001,Coca Cola 500ml,Bebidas,47,3.5,246
2026-02-13,P001,Coca Cola 500ml,Bebidas,55,3.5,191
2026-02-14,P001,Coca Cola 500ml,Bebidas,52,3.5,139
2026-02-15,P001,Coca Cola 500ml,Bebidas,50,3.5,89
2026-02-16,P001,Coca Cola 500ml,Bebidas,29,3.5,60
2026-02-17,P001,Coca Cola 500ml,Bebidas,35,3.5,25
2026-02-18,P001,Coca Cola 500ml,Bebidas,25,3.5,0
2026-02-19,P001,Coca Cola 500ml,Bebidas,0,3.5,0
2026-02-20,P001,Coca Cola 500ml,Bebidas,0,3.5,0
2026-02-21,P001,Coca Cola 500ml,Bebidas,34,3.5,489
2026-02-22,P001,Coca Cola 500ml,Bebidas,60,3.5,429
2026-02-23,P001,Coca Cola 500ml,Bebidas,48,3.5,381
2026-02-24,P001,Coca Cola 500ml,Bebidas,49,3.5,332
2026-02-25,P001,Coca Cola 500ml,Bebidas,47,3.5,285
2026-02-26,P001,Coca Cola 500ml,Bebidas,39,3.5,246
2026-02-27,P001,Coca Cola 500ml,Bebidas,47,3.5,199
2026-02-28,P001,Coca Cola 500ml,Bebidas,37,3.5,162
2026-03-01,P001,Coca Cola 500ml,Bebidas,66,3.5,96
2026-03-02,P001,Coca Cola 500ml,Bebidas,40,3.5,56
2026-03-03,P001,Coca Cola 500ml,Bebidas,38,3.5,18
2026-03-04,P001,Coca Cola 500ml,Bebidas,18,3.5,0
2026-03-05,P001,Coca Cola 500ml,Bebidas,0,3.5,0
2026-03-06,P001,Coca Cola 500ml,Bebidas,0,3.5,0
2026-03-07,P001,Coca Cola 500ml,Bebidas,0,3.5,0
2026-03-08,P001,Coca Cola 500ml,Bebidas,0,3.5,0
2026-03-09,P001,Coca Cola 500ml,Bebidas,41,3.5,583
2026-03-10,P001,Coca Cola 500ml,Bebidas,45,3.5,538
2026-03-11,P001,Coca Cola 500ml,Bebidas,55,3.5,483
2026-03-12,P001,Coca Cola 500ml,Bebidas,41,3.5,442
2026-03-13,P001,Coca Cola 500ml,Bebidas,71,3.5,371
2026-03-14,P001,Coca Cola 500ml,Bebidas,26,3.5,345
2026-03-15,P001,Coca Cola 500ml,Bebidas,63,3.5,282
2026-03-16,P001,Coca Cola 500ml,Bebidas,43,3.5,239
2026-03-17,P001,Coca Cola 500ml,Bebidas,39,3.5,200
2026-03-18,P001,Coca Cola 500ml,Bebidas,43,3.5,157
2026-03-19,P001,Coca Cola 500ml,Bebidas,25,3.5,132
2026-03-20,P001,Coca Cola 500ml,Bebidas,52,3.5,80
2026-03-21,P001,Coca Cola 500ml,Bebidas,59,3.5,21
2026-03-22,P001,Coca Cola 500ml,Bebidas,20,3.5,1
2026-03-23,P001,Coca Cola 500ml,Bebidas,0,3.5,1
2026-03-24,P001,Coca Cola 500ml,Bebidas,0,3.5,1
2026-03-25,P001,Coca Cola 500ml,Bebidas,38,3.5,624
2026-03-26,P001,Coca Cola 500ml,Bebidas,46,3.5,578
2026-03-27,P001,Coca Cola 500ml,Bebidas,68,3.5,510
2026-03-28,P001,Coca Cola 500ml,Bebidas,58,3.5,452
2026-03-29,P001,Coca Cola 500ml,Bebidas,59,3.5,393
2026-03-30,P001,Coca Cola 500ml,Bebidas,54,3.5,339
2026-03-31,P001,Coca Cola 500ml,Bebidas,44,3.5,295
2026-04-01,P001,Coca Cola 500ml,Bebidas,40,3.5,255
2026-04-02,P001,Coca Cola 500ml,Bebidas,48,3.5,207
2026-04-03,P001,Coca Cola 500ml,Bebidas,52,3.5,155
2026-04-04,P001,Coca Cola 500ml,Bebidas,51,3.5,104
2026-04-05,P001,Coca Cola 500ml,Bebidas,70,3.5,34
2026-04-06,P001,Coca Cola 500ml,Bebidas,33,3.5,1
2026-04-07,P001,Coca Cola 500ml,Bebidas,0,3.5,1
2026-04-08,P001,Coca Cola 500ml,Bebidas,0,3.5,1
2026-04-09,P001,Coca Cola 500ml,Bebidas,0,3.5,1
2026-04-10,P001,Coca Cola 500ml,Bebidas,52,3.5,506
2026-04-11,P001,Coca Cola 500ml,Bebidas,54,3.5,452
2026-04-12,P001,Coca Cola 500ml,Bebidas,60,3.5,392
2026-04-13,P001,Coca Cola 500ml,Bebidas,59,3.5,333
2026-04-14,P001,Coca Cola 500ml,Bebidas,44,3.5,289
2026-04-15,P001,Coca Cola 500ml,Bebidas,45,3.5,244
2026-04-16,P001,Coca Cola 500ml,Bebidas,42,3.5,202
2026-04-17,P001,Coca Cola 500ml,Bebidas,34,3.5,168
2026-04-18,P001,Coca Cola 500ml,Bebidas,56,3.5,112
2026-04-19,P001,Coca Cola 500ml,Bebidas,57,3.5,55
2026-04-20,P001,Coca Cola 500ml,Bebidas,54,3.5,1
2026-04-21,P001,Coca Cola 500ml,Bebidas,0,3.5,1
2026-04-22,P001,Coca Cola 500ml,Bebidas,0,3.5,1
2026-04-23,P001,Coca Cola 500ml,Bebidas,0,3.5,1
2026-04-24,P001,Coca Cola 500ml,Bebidas,0,3.5,1
2026-04-25,P001,Coca Cola 500ml,Bebidas,0,3.5,1
2026-04-26,P001,Coca Cola 500ml,Bebidas,65,3.5,475
2026-04-27,P001,Coca Cola 500ml,Bebidas,36,3.5,439
2026-04-28,P001,Coca Cola 500ml,Bebidas,55,3.5,384
2026-04-29,P001,Coca Cola 500ml,Bebidas,56,3.5,328
2026-04-30,P001,Coca Cola 500ml,Bebidas,55,3.5,273
2026-05-01,P001,Coca Cola 500ml,Bebidas,46,3.5,227
2026-05-02,P001,Coca Cola 500ml,Bebidas,57,3.5,170
2026-05-03,P001,Coca Cola 500ml,Bebidas,51,3.5,119
2026-05-04,P001,Coca Cola 500ml,Bebidas,52,3.5,67
2026-05-05,P001,Coca Cola 500ml,Bebidas,58,3.5,9
2026-05-06,P001,Coca Cola 500ml,Bebidas,9,3.5,0
2026-05-07,P001,Coca Cola 500ml,Bebidas,0,3.5,0
2026-05-08,P001,Coca Cola 500ml,Bebidas,0,3.5,0
2026-05-09,P001,Coca Cola 500ml,Bebidas,0,3.5,0
2026-05-10,P001,Coca Cola 500ml,Bebidas,0,3.5,0
2026-05-11,P001,Coca Cola 500ml,Bebidas,0,3.5,0
2026-05-12,P001,Coca Cola 500ml,Bebidas,36,3.5,530
2026-05-13,P001,Coca Cola 500ml,Bebidas,37,3.5,493
2026-05-14,P001,Coca Cola 500ml,Bebidas,41,3.5,452
2026-05-15,P001,Coca Cola 500ml,Bebidas,66,3.5,386
2026-05-16,P001,Coca Cola 500ml,Bebidas,43,3.5,343
2026-05-17,P001,Coca Cola 500ml,Bebidas,60,3.5,283
2026-05-18,P001,Coca Cola 500ml,Bebidas,55,3.5,228
2026-05-19,P001,Coca Cola 500ml,Bebidas,30,3.5,198
2026-05-20,P001,Coca Cola 500ml,Bebidas,46,3.5,152
2026-05-21,P001,Coca Cola 500ml,Bebidas,46,3.5,106
2026-05-22,P001,Coca Cola 500ml,Bebidas,66,3.5,40
2026-05-23,P001,Coca Cola 500ml,Bebidas,40,3.5,0
2026-05-24,P001,Coca Cola 500ml,Bebidas,0,3.5,0
2026-05-25,P001,Coca Cola 500ml,Bebidas,0,3.5,0
2026-05-26,P001,Coca Cola 500ml,Bebidas,0,3.5,0
2026-05-27,P001,Coca Cola 500ml,Bebidas,0,3.5,0
2026-05-28,P001,Coca Cola 500ml,Bebidas,47,3.5,564
2026-05-29,P001,Coca Cola 500ml,Bebidas,60,3.5,504
2026-05-30,P001,Coca Cola 500ml,Bebidas,68,3.5,436
2026-05-31,P001,Coca Cola 500ml,Bebidas,60,3.5,376
2026-06-01,P001,Coca Cola 500ml,Bebidas,33,3.5,343
2026-06-02,P001,Coca Cola 500ml,Bebidas,54,3.5,289
2026-06-03,P001,Coca Cola 500ml,Bebidas,56,3.5,233
2026-06-04,P001,Coca Cola 500ml,Bebidas,51,3.5,182
2026-06-05,P001,Coca Cola 500ml,Bebidas,47,3.5,135
2026-06-06,P001,Coca Cola 500ml,Bebidas,49,3.5,86
2026-06-07,P001,Coca Cola 500ml,Bebidas,45,3.5,41
2026-06-08,P001,Coca Cola 500ml,Bebidas,41,3.5,0
2026-06-09,P001,Coca Cola 500ml,Bebidas,0,3.5,0
2026-06-10,P001,Coca Cola 500ml,Bebidas,0,3.5,0
2026-06-11,P001,Coca Cola 500ml,Bebidas,0,3.5,0
2026-06-12,P001,Coca Cola 500ml,Bebidas,0,3.5,0
2026-06-13,P001,Coca Cola 500ml,Bebidas,60,3.5,503
2026-06-14,P001,Coca Cola 500ml,Bebidas,48,3.5,455
2026-06-15,P001,Coca Cola 500ml,Bebidas,37,3.5,418
2026-06-16,P001,Coca Cola 500ml,Bebidas,44,3.5,374
2026-06-17,P001,Coca Cola 500ml,Bebidas,48,3.5,326
2026-06-18,P001,Coca Cola 500ml,Bebidas,47,3.5,279
2026-06-19,P001,Coca Cola 500ml,Bebidas,68,3.5,211
2026-06-20,P001,Coca Cola 500ml,Bebidas,59,3.5,152
2026-06-21,P001,Coca Cola 500ml,Bebidas,76,3.5,76
2026-06-22,P001,Coca Cola 500ml,Bebidas,43,3.5,33
2026-06-23,P001,Coca Cola 500ml,Bebidas,32,3.5,1
2026-06-24,P001,Coca Cola 500ml,Bebidas,0,3.5,1
2026-06-25,P001,Coca Cola 500ml,Bebidas,0,3.5,1
2026-06-26,P001,Coca Cola 500ml,Bebidas,0,3.5,1
2026-06-27,P001,Coca Cola 500ml,Bebidas,0,3.5,1
2026-06-28,P001,Coca Cola 500ml,Bebidas,0,3.5,1
2026-06-29,P001,Coca Cola 500ml,Bebidas,52,3.5,449
2026-06-30,P001,Coca Cola 500ml,Bebidas,44,3.5,405
2026-07-01,P001,Coca Cola 500ml,Bebidas,52,3.5,353
2026-07-02,P001,Coca Cola 500ml,Bebidas,41,3.5,312
2026-07-03,P001,Coca Cola 500ml,Bebidas,68,3.5,244
2026-07-04,P001,Coca Cola 500ml,Bebidas,72,3.5,172
2026-07-05,P001,Coca Cola 500ml,Bebidas,55,3.5,117
2026-01-07,P002,Pan de Molde,Panaderia,25,5.2,272
2026-01-08,P002,Pan de Molde,Panaderia,26,5.2,246
2026-01-09,P002,Pan de Molde,Panaderia,26,5.2,220
2026-01-10,P002,Pan de Molde,Panaderia,33,5.2,187
2026-01-11,P002,Pan de Molde,Panaderia,32,5.2,155
2026-01-12,P002,Pan de Molde,Panaderia,19,5.2,136
2026-01-13,P002,Pan de Molde,Panaderia,26,5.2,110
2026-01-14,P002,Pan de Molde,Panaderia,27,5.2,83
2026-01-15,P002,Pan de Molde,Panaderia,30,5.2,53
2026-01-16,P002,Pan de Molde,Panaderia,39,5.2,14
2026-01-17,P002,Pan de Molde,Panaderia,14,5.2,0
2026-01-18,P002,Pan de Molde,Panaderia,26,5.2,299
2026-01-19,P002,Pan de Molde,Panaderia,26,5.2,273
2026-01-20,P002,Pan de Molde,Panaderia,26,5.2,247
2026-01-21,P002,Pan de Molde,Panaderia,25,5.2,222
2026-01-22,P002,Pan de Molde,Panaderia,29,5.2,193
2026-01-23,P002,Pan de Molde,Panaderia,42,5.2,151
2026-01-24,P002,Pan de Molde,Panaderia,33,5.2,118
2026-01-25,P002,Pan de Molde,Panaderia,41,5.2,77
2026-01-26,P002,Pan de Molde,Panaderia,30,5.2,47
2026-01-27,P002,Pan de Molde,Panaderia,26,5.2,21
2026-01-28,P002,Pan de Molde,Panaderia,21,5.2,0
2026-01-29,P002,Pan de Molde,Panaderia,0,5.2,0
2026-01-30,P002,Pan de Molde,Panaderia,23,5.2,238
2026-01-31,P002,Pan de Molde,Panaderia,29,5.2,209
2026-02-01,P002,Pan de Molde,Panaderia,33,5.2,176
2026-02-02,P002,Pan de Molde,Panaderia,37,5.2,139
2026-02-03,P002,Pan de Molde,Panaderia,16,5.2,123
2026-02-04,P002,Pan de Molde,Panaderia,29,5.2,94
2026-02-05,P002,Pan de Molde,Panaderia,17,5.2,77
2026-02-06,P002,Pan de Molde,Panaderia,30,5.2,47
2026-02-07,P002,Pan de Molde,Panaderia,40,5.2,7
2026-02-08,P002,Pan de Molde,Panaderia,7,5.2,0
2026-02-09,P002,Pan de Molde,Panaderia,0,5.2,0
2026-02-10,P002,Pan de Molde,Panaderia,0,5.2,0
2026-02-11,P002,Pan de Molde,Panaderia,29,5.2,279
2026-02-12,P002,Pan de Molde,Panaderia,38,5.2,241
2026-02-13,P002,Pan de Molde,Panaderia,45,5.2,196
2026-02-14,P002,Pan de Molde,Panaderia,42,5.2,154
2026-02-15,P002,Pan de Molde,Panaderia,39,5.2,115
2026-02-16,P002,Pan de Molde,Panaderia,25,5.2,90
2026-02-17,P002,Pan de Molde,Panaderia,28,5.2,62
2026-02-18,P002,Pan de Molde,Panaderia,31,5.2,31
2026-02-19,P002,Pan de Molde,Panaderia,22,5.2,9
2026-02-20,P002,Pan de Molde,Panaderia,9,5.2,0
2026-02-21,P002,Pan de Molde,Panaderia,0,5.2,0
2026-02-22,P002,Pan de Molde,Panaderia,0,5.2,0
2026-02-23,P002,Pan de Molde,Panaderia,34,5.2,234
2026-02-24,P002,Pan de Molde,Panaderia,23,5.2,211
2026-02-25,P002,Pan de Molde,Panaderia,22,5.2,189
2026-02-26,P002,Pan de Molde,Panaderia,35,5.2,154
2026-02-27,P002,Pan de Molde,Panaderia,36,5.2,118
2026-02-28,P002,Pan de Molde,Panaderia,25,5.2,93
2026-03-01,P002,Pan de Molde,Panaderia,40,5.2,53
2026-03-02,P002,Pan de Molde,Panaderia,37,5.2,16
2026-03-03,P002,Pan de Molde,Panaderia,16,5.2,0
2026-03-04,P002,Pan de Molde,Panaderia,0,5.2,0
2026-03-05,P002,Pan de Molde,Panaderia,0,5.2,0
2026-03-06,P002,Pan de Molde,Panaderia,0,5.2,0
2026-03-07,P002,Pan de Molde,Panaderia,29,5.2,225
2026-03-08,P002,Pan de Molde,Panaderia,32,5.2,193
2026-03-09,P002,Pan de Molde,Panaderia,36,5.2,157
2026-03-10,P002,Pan de Molde,Panaderia,26,5.2,131
2026-03-11,P002,Pan de Molde,Panaderia,21,5.2,110
2026-03-12,P002,Pan de Molde,Panaderia,19,5.2,91
2026-03-13,P002,Pan de Molde,Panaderia,33,5.2,58
2026-03-14,P002,Pan de Molde,Panaderia,20,5.2,38
2026-03-15,P002,Pan de Molde,Panaderia,25,5.2,13
2026-03-16,P002,Pan de Molde,Panaderia,13,5.2,0
2026-03-17,P002,Pan de Molde,Panaderia,0,5.2,0
2026-03-18,P002,Pan de Molde,Panaderia,0,5.2,0
2026-03-19,P002,Pan de Molde,Panaderia,24,5.2,285
2026-03-20,P002,Pan de Molde,Panaderia,42,5.2,243
2026-03-21,P002,Pan de Molde,Panaderia,34,5.2,209
2026-03-22,P002,Pan de Molde,Panaderia,27,5.2,182
2026-03-23,P002,Pan de Molde,Panaderia,29,5.2,153
2026-03-24,P002,Pan de Molde,Panaderia,27,5.2,126
2026-03-25,P002,Pan de Molde,Panaderia,23,5.2,103
2026-03-26,P002,Pan de Molde,Panaderia,26,5.2,77
2026-03-27,P002,Pan de Molde,Panaderia,31,5.2,46
2026-03-28,P002,Pan de Molde,Panaderia,35,5.2,11
2026-03-29,P002,Pan de Molde,Panaderia,10,5.2,1
2026-03-30,P002,Pan de Molde,Panaderia,0,5.2,1
2026-03-31,P002,Pan de Molde,Panaderia,20,5.2,274
2026-04-01,P002,Pan de Molde,Panaderia,30,5.2,244
2026-04-02,P002,Pan de Molde,Panaderia,27,5.2,217
2026-04-03,P002,Pan de Molde,Panaderia,37,5.2,180
2026-04-04,P002,Pan de Molde,Panaderia,34,5.2,146
2026-04-05,P002,Pan de Molde,Panaderia,31,5.2,115
2026-04-06,P002,Pan de Molde,Panaderia,27,5.2,88
2026-04-07,P002,Pan de Molde,Panaderia,31,5.2,57
2026-04-08,P002,Pan de Molde,Panaderia,24,5.2,33
2026-04-09,P002,Pan de Molde,Panaderia,23,5.2,10
2026-04-10,P002,Pan de Molde,Panaderia,9,5.2,1
2026-04-11,P002,Pan de Molde,Panaderia,0,5.2,1
2026-04-12,P002,Pan de Molde,Panaderia,45,5.2,286
2026-04-13,P002,Pan de Molde,Panaderia,31,5.2,255
2026-04-14,P002,Pan de Molde,Panaderia,30,5.2,225
2026-04-15,P002,Pan de Molde,Panaderia,22,5.2,203
2026-04-16,P002,Pan de Molde,Panaderia,24,5.2,179
2026-04-17,P002,Pan de Molde,Panaderia,40,5.2,139
2026-04-18,P002,Pan de Molde,Panaderia,39,5.2,100
2026-04-19,P002,Pan de Molde,Panaderia,35,5.2,65
2026-04-20,P002,Pan de Molde,Panaderia,27,5.2,38
2026-04-21,P002,Pan de Molde,Panaderia,34,5.2,4
2026-04-22,P002,Pan de Molde,Panaderia,4,5.2,0
2026-04-23,P002,Pan de Molde,Panaderia,0,5.2,0
2026-04-24,P002,Pan de Molde,Panaderia,33,5.2,296
2026-04-25,P002,Pan de Molde,Panaderia,46,5.2,250
2026-04-26,P002,Pan de Molde,Panaderia,32,5.2,218
2026-04-27,P002,Pan de Molde,Panaderia,25,5.2,193
2026-04-28,P002,Pan de Molde,Panaderia,28,5.2,165
2026-04-29,P002,Pan de Molde,Panaderia,27,5.2,138
2026-04-30,P002,Pan de Molde,Panaderia,32,5.2,106
2026-05-01,P002,Pan de Molde,Panaderia,31,5.2,75
2026-05-02,P002,Pan de Molde,Panaderia,42,5.2,33
2026-05-03,P002,Pan de Molde,Panaderia,33,5.2,0
2026-05-04,P002,Pan de Molde,Panaderia,0,5.2,0
2026-05-05,P002,Pan de Molde,Panaderia,0,5.2,0
2026-05-06,P002,Pan de Molde,Panaderia,24,5.2,314
2026-05-07,P002,Pan de Molde,Panaderia,28,5.2,286
2026-05-08,P002,Pan de Molde,Panaderia,40,5.2,246
2026-05-09,P002,Pan de Molde,Panaderia,29,5.2,217
2026-05-10,P002,Pan de Molde,Panaderia,50,5.2,167
2026-05-11,P002,Pan de Molde,Panaderia,22,5.2,145
2026-05-12,P002,Pan de Molde,Panaderia,20,5.2,125
2026-05-13,P002,Pan de Molde,Panaderia,34,5.2,91
2026-05-14,P002,Pan de Molde,Panaderia,32,5.2,59
2026-05-15,P002,Pan de Molde,Panaderia,40,5.2,19
2026-05-16,P002,Pan de Molde,Panaderia,18,5.2,1
2026-05-17,P002,Pan de Molde,Panaderia,0,5.2,1
2026-05-18,P002,Pan de Molde,Panaderia,22,5.2,236
2026-05-19,P002,Pan de Molde,Panaderia,16,5.2,220
2026-05-20,P002,Pan de Molde,Panaderia,37,5.2,183
2026-05-21,P002,Pan de Molde,Panaderia,26,5.2,157
2026-05-22,P002,Pan de Molde,Panaderia,41,5.2,116
2026-05-23,P002,Pan de Molde,Panaderia,40,5.2,76
2026-05-24,P002,Pan de Molde,Panaderia,46,5.2,30
2026-05-25,P002,Pan de Molde,Panaderia,25,5.2,5
2026-05-26,P002,Pan de Molde,Panaderia,4,5.2,1
2026-05-27,P002,Pan de Molde,Panaderia,0,5.2,1
2026-05-28,P002,Pan de Molde,Panaderia,0,5.2,1
2026-05-29,P002,Pan de Molde,Panaderia,0,5.2,1
2026-05-30,P002,Pan de Molde,Panaderia,32,5.2,305
2026-05-31,P002,Pan de Molde,Panaderia,31,5.2,274
2026-06-01,P002,Pan de Molde,Panaderia,26,5.2,248
2026-06-02,P002,Pan de Molde,Panaderia,29,5.2,219
2026-06-03,P002,Pan de Molde,Panaderia,36,5.2,183
2026-06-04,P002,Pan de Molde,Panaderia,32,5.2,151
2026-06-05,P002,Pan de Molde,Panaderia,35,5.2,116
2026-06-06,P002,Pan de Molde,Panaderia,36,5.2,80
2026-06-07,P002,Pan de Molde,Panaderia,29,5.2,51
2026-06-08,P002,Pan de Molde,Panaderia,28,5.2,23
2026-06-09,P002,Pan de Molde,Panaderia,23,5.2,0
2026-06-10,P002,Pan de Molde,Panaderia,0,5.2,0
2026-06-11,P002,Pan de Molde,Panaderia,23,5.2,296
2026-06-12,P002,Pan de Molde,Panaderia,40,5.2,256
2026-06-13,P002,Pan de Molde,Panaderia,37,5.2,219
2026-06-14,P002,Pan de Molde,Panaderia,26,5.2,193
2026-06-15,P002,Pan de Molde,Panaderia,23,5.2,170
2026-06-16,P002,Pan de Molde,Panaderia,26,5.2,144
2026-06-17,P002,Pan de Molde,Panaderia,30,5.2,114
2026-06-18,P002,Pan de Molde,Panaderia,28,5.2,86
2026-06-19,P002,Pan de Molde,Panaderia,44,5.2,42
2026-06-20,P002,Pan de Molde,Panaderia,40,5.2,2
2026-06-21,P002,Pan de Molde,Panaderia,2,5.2,0
2026-06-22,P002,Pan de Molde,Panaderia,0,5.2,0
2026-06-23,P002,Pan de Molde,Panaderia,30,5.2,285
2026-06-24,P002,Pan de Molde,Panaderia,40,5.2,245
2026-06-25,P002,Pan de Molde,Panaderia,24,5.2,221
2026-06-26,P002,Pan de Molde,Panaderia,43,5.2,178
2026-06-27,P002,Pan de Molde,Panaderia,38,5.2,140
2026-06-28,P002,Pan de Molde,Panaderia,53,5.2,87
2026-06-29,P002,Pan de Molde,Panaderia,23,5.2,64
2026-06-30,P002,Pan de Molde,Panaderia,23,5.2,41
2026-07-01,P002,Pan de Molde,Panaderia,25,5.2,16
2026-07-02,P002,Pan de Molde,Panaderia,15,5.2,1
2026-07-03,P002,Pan de Molde,Panaderia,0,5.2,1
2026-07-04,P002,Pan de Molde,Panaderia,0,5.2,1
2026-07-05,P002,Pan de Molde,Panaderia,38,5.2,302
2026-01-07,P003,Leche Entera 1L,Lacteos,40,4.8,259
2026-01-08,P003,Leche Entera 1L,Lacteos,21,4.8,238
2026-01-09,P003,Leche Entera 1L,Lacteos,34,4.8,204
2026-01-10,P003,Leche Entera 1L,Lacteos,35,4.8,169
2026-01-11,P003,Leche Entera 1L,Lacteos,38,4.8,223
2026-01-12,P003,Leche Entera 1L,Lacteos,34,4.8,189
2026-01-13,P003,Leche Entera 1L,Lacteos,34,4.8,155
2026-01-14,P003,Leche Entera 1L,Lacteos,31,4.8,124
2026-01-15,P003,Leche Entera 1L,Lacteos,22,4.8,102
2026-01-16,P003,Leche Entera 1L,Lacteos,40,4.8,62
2026-01-17,P003,Leche Entera 1L,Lacteos,50,4.8,12
2026-01-18,P003,Leche Entera 1L,Lacteos,11,4.8,1
2026-01-19,P003,Leche Entera 1L,Lacteos,0,4.8,1
2026-01-20,P003,Leche Entera 1L,Lacteos,0,4.8,1
2026-01-21,P003,Leche Entera 1L,Lacteos,0,4.8,1
2026-01-22,P003,Leche Entera 1L,Lacteos,0,4.8,1
2026-01-23,P003,Leche Entera 1L,Lacteos,0,4.8,1
2026-01-24,P003,Leche Entera 1L,Lacteos,0,4.8,1
2026-01-25,P003,Leche Entera 1L,Lacteos,0,4.8,1
2026-01-26,P003,Leche Entera 1L,Lacteos,0,4.8,1
2026-01-27,P003,Leche Entera 1L,Lacteos,0,4.8,1
2026-01-28,P003,Leche Entera 1L,Lacteos,0,4.8,1
2026-01-29,P003,Leche Entera 1L,Lacteos,0,4.8,1
2026-01-30,P003,Leche Entera 1L,Lacteos,0,4.8,1
2026-01-31,P003,Leche Entera 1L,Lacteos,47,4.8,259
2026-02-01,P003,Leche Entera 1L,Lacteos,46,4.8,213
2026-02-02,P003,Leche Entera 1L,Lacteos,22,4.8,191
2026-02-03,P003,Leche Entera 1L,Lacteos,26,4.8,165
2026-02-04,P003,Leche Entera 1L,Lacteos,26,4.8,139
2026-02-05,P003,Leche Entera 1L,Lacteos,25,4.8,114
2026-02-06,P003,Leche Entera 1L,Lacteos,33,4.8,81
2026-02-07,P003,Leche Entera 1L,Lacteos,34,4.8,47
2026-02-08,P003,Leche Entera 1L,Lacteos,42,4.8,5
2026-02-09,P003,Leche Entera 1L,Lacteos,5,4.8,0
2026-02-10,P003,Leche Entera 1L,Lacteos,0,4.8,0
2026-02-11,P003,Leche Entera 1L,Lacteos,0,4.8,0
2026-02-12,P003,Leche Entera 1L,Lacteos,0,4.8,0
2026-02-13,P003,Leche Entera 1L,Lacteos,0,4.8,0
2026-02-14,P003,Leche Entera 1L,Lacteos,0,4.8,0
2026-02-15,P003,Leche Entera 1L,Lacteos,0,4.8,0
2026-02-16,P003,Leche Entera 1L,Lacteos,0,4.8,0
2026-02-17,P003,Leche Entera 1L,Lacteos,0,4.8,0
2026-02-18,P003,Leche Entera 1L,Lacteos,0,4.8,0
2026-02-19,P003,Leche Entera 1L,Lacteos,0,4.8,0
2026-02-20,P003,Leche Entera 1L,Lacteos,49,4.8,275
2026-02-21,P003,Leche Entera 1L,Lacteos,44,4.8,231
2026-02-22,P003,Leche Entera 1L,Lacteos,42,4.8,189
2026-02-23,P003,Leche Entera 1L,Lacteos,36,4.8,153
2026-02-24,P003,Leche Entera 1L,Lacteos,31,4.8,122
2026-02-25,P003,Leche Entera 1L,Lacteos,32,4.8,90
2026-02-26,P003,Leche Entera 1L,Lacteos,36,4.8,54
2026-02-27,P003,Leche Entera 1L,Lacteos,54,4.8,0
2026-02-28,P003,Leche Entera 1L,Lacteos,0,4.8,0
2026-03-01,P003,Leche Entera 1L,Lacteos,0,4.8,0
2026-03-02,P003,Leche Entera 1L,Lacteos,0,4.8,0
2026-03-03,P003,Leche Entera 1L,Lacteos,0,4.8,0
2026-03-04,P003,Leche Entera 1L,Lacteos,0,4.8,0
2026-03-05,P003,Leche Entera 1L,Lacteos,0,4.8,0
2026-03-06,P003,Leche Entera 1L,Lacteos,0,4.8,0
2026-03-07,P003,Leche Entera 1L,Lacteos,0,4.8,0
2026-03-08,P003,Leche Entera 1L,Lacteos,0,4.8,0
2026-03-09,P003,Leche Entera 1L,Lacteos,0,4.8,0
2026-03-10,P003,Leche Entera 1L,Lacteos,0,4.8,0
2026-03-11,P003,Leche Entera 1L,Lacteos,0,4.8,0
2026-03-12,P003,Leche Entera 1L,Lacteos,32,4.8,228
2026-03-13,P003,Leche Entera 1L,Lacteos,37,4.8,191
2026-03-14,P003,Leche Entera 1L,Lacteos,31,4.8,160
2026-03-15,P003,Leche Entera 1L,Lacteos,36,4.8,124
2026-03-16,P003,Leche Entera 1L,Lacteos,20,4.8,104
2026-03-17,P003,Leche Entera 1L,Lacteos,37,4.8,67
2026-03-18,P003,Leche Entera 1L,Lacteos,17,4.8,50
2026-03-19,P003,Leche Entera 1L,Lacteos,44,4.8,6
2026-03-20,P003,Leche Entera 1L,Lacteos,5,4.8,1
2026-03-21,P003,Leche Entera 1L,Lacteos,0,4.8,1
2026-03-22,P003,Leche Entera 1L,Lacteos,0,4.8,1
2026-03-23,P003,Leche Entera 1L,Lacteos,0,4.8,1
2026-03-24,P003,Leche Entera 1L,Lacteos,0,4.8,1
2026-03-25,P003,Leche Entera 1L,Lacteos,0,4.8,1
2026-03-26,P003,Leche Entera 1L,Lacteos,0,4.8,1
2026-03-27,P003,Leche Entera 1L,Lacteos,0,4.8,1
2026-03-28,P003,Leche Entera 1L,Lacteos,0,4.8,1
2026-03-29,P003,Leche Entera 1L,Lacteos,0,4.8,1
2026-03-30,P003,Leche Entera 1L,Lacteos,0,4.8,1
2026-03-31,P003,Leche Entera 1L,Lacteos,0,4.8,1
2026-04-01,P003,Leche Entera 1L,Lacteos,30,4.8,255
2026-04-02,P003,Leche Entera 1L,Lacteos,31,4.8,224
2026-04-03,P003,Leche Entera 1L,Lacteos,55,4.8,169
2026-04-04,P003,Leche Entera 1L,Lacteos,61,4.8,108
2026-04-05,P003,Leche Entera 1L,Lacteos,48,4.8,60
2026-04-06,P003,Leche Entera 1L,Lacteos,30,4.8,30
2026-04-07,P003,Leche Entera 1L,Lacteos,29,4.8,1
2026-04-08,P003,Leche Entera 1L,Lacteos,0,4.8,1
2026-04-09,P003,Leche Entera 1L,Lacteos,0,4.8,1
2026-04-10,P003,Leche Entera 1L,Lacteos,0,4.8,1
2026-04-11,P003,Leche Entera 1L,Lacteos,0,4.8,1
2026-04-12,P003,Leche Entera 1L,Lacteos,0,4.8,1
2026-04-13,P003,Leche Entera 1L,Lacteos,0,4.8,1
2026-04-14,P003,Leche Entera 1L,Lacteos,0,4.8,1
2026-04-15,P003,Leche Entera 1L,Lacteos,0,4.8,1
2026-04-16,P003,Leche Entera 1L,Lacteos,0,4.8,1
2026-04-17,P003,Leche Entera 1L,Lacteos,0,4.8,1
2026-04-18,P003,Leche Entera 1L,Lacteos,0,4.8,1
2026-04-19,P003,Leche Entera 1L,Lacteos,0,4.8,1
2026-04-20,P003,Leche Entera 1L,Lacteos,0,4.8,1
2026-04-21,P003,Leche Entera 1L,Lacteos,30,4.8,272
2026-04-22,P003,Leche Entera 1L,Lacteos,33,4.8,239
2026-04-23,P003,Leche Entera 1L,Lacteos,38,4.8,201
2026-04-24,P003,Leche Entera 1L,Lacteos,46,4.8,155
2026-04-25,P003,Leche Entera 1L,Lacteos,39,4.8,116
2026-04-26,P003,Leche Entera 1L,Lacteos,50,4.8,66
2026-04-27,P003,Leche Entera 1L,Lacteos,27,4.8,39
2026-04-28,P003,Leche Entera 1L,Lacteos,31,4.8,8
2026-04-29,P003,Leche Entera 1L,Lacteos,7,4.8,1
2026-04-30,P003,Leche Entera 1L,Lacteos,0,4.8,1
2026-05-01,P003,Leche Entera 1L,Lacteos,0,4.8,1
2026-05-02,P003,Leche Entera 1L,Lacteos,0,4.8,1
2026-05-03,P003,Leche Entera 1L,Lacteos,0,4.8,1
2026-05-04,P003,Leche Entera 1L,Lacteos,0,4.8,1
2026-05-05,P003,Leche Entera 1L,Lacteos,0,4.8,1
2026-05-06,P003,Leche Entera 1L,Lacteos,0,4.8,1
2026-05-07,P003,Leche Entera 1L,Lacteos,0,4.8,1
2026-05-08,P003,Leche Entera 1L,Lacteos,0,4.8,1
2026-05-09,P003,Leche Entera 1L,Lacteos,0,4.8,1
2026-05-10,P003,Leche Entera 1L,Lacteos,0,4.8,1
2026-05-11,P003,Leche Entera 1L,Lacteos,35,4.8,271
2026-05-12,P003,Leche Entera 1L,Lacteos,44,4.8,227
2026-05-13,P003,Leche Entera 1L,Lacteos,42,4.8,185
2026-05-14,P003,Leche Entera 1L,Lacteos,46,4.8,139
2026-05-15,P003,Leche Entera 1L,Lacteos,30,4.8,109
2026-05-16,P003,Leche Entera 1L,Lacteos,33,4.8,76
2026-05-17,P003,Leche Entera 1L,Lacteos,45,4.8,31
2026-05-18,P003,Leche Entera 1L,Lacteos,31,4.8,0
2026-05-19,P003,Leche Entera 1L,Lacteos,0,4.8,0
2026-05-20,P003,Leche Entera 1L,Lacteos,0,4.8,0
2026-05-21,P003,Leche Entera 1L,Lacteos,0,4.8,0
2026-05-22,P003,Leche Entera 1L,Lacteos,0,4.8,0
2026-05-23,P003,Leche Entera 1L,Lacteos,0,4.8,0
2026-05-24,P003,Leche Entera 1L,Lacteos,0,4.8,0
2026-05-25,P003,Leche Entera 1L,Lacteos,0,4.8,0
2026-05-26,P003,Leche Entera 1L,Lacteos,0,4.8,0
2026-05-27,P003,Leche Entera 1L,Lacteos,0,4.8,0
2026-05-28,P003,Leche Entera 1L,Lacteos,0,4.8,0
2026-05-29,P003,Leche Entera 1L,Lacteos,0,4.8,0
2026-05-30,P003,Leche Entera 1L,Lacteos,0,4.8,0
2026-05-31,P003,Leche Entera 1L,Lacteos,54,4.8,248
2026-06-01,P003,Leche Entera 1L,Lacteos,33,4.8,215
2026-06-02,P003,Leche Entera 1L,Lacteos,27,4.8,188
2026-06-03,P003,Leche Entera 1L,Lacteos,37,4.8,151
2026-06-04,P003,Leche Entera 1L,Lacteos,35,4.8,116
2026-06-05,P003,Leche Entera 1L,Lacteos,58,4.8,58
2026-06-06,P003,Leche Entera 1L,Lacteos,52,4.8,6
2026-06-07,P003,Leche Entera 1L,Lacteos,5,4.8,1
2026-06-08,P003,Leche Entera 1L,Lacteos,0,4.8,1
2026-06-09,P003,Leche Entera 1L,Lacteos,0,4.8,1
2026-06-10,P003,Leche Entera 1L,Lacteos,0,4.8,1
2026-06-11,P003,Leche Entera 1L,Lacteos,0,4.8,1
2026-06-12,P003,Leche Entera 1L,Lacteos,0,4.8,1
2026-06-13,P003,Leche Entera 1L,Lacteos,0,4.8,1
2026-06-14,P003,Leche Entera 1L,Lacteos,0,4.8,1
2026-06-15,P003,Leche Entera 1L,Lacteos,0,4.8,1
2026-06-16,P003,Leche Entera 1L,Lacteos,0,4.8,1
2026-06-17,P003,Leche Entera 1L,Lacteos,0,4.8,1
2026-06-18,P003,Leche Entera 1L,Lacteos,0,4.8,1
2026-06-19,P003,Leche Entera 1L,Lacteos,0,4.8,1
2026-06-20,P003,Leche Entera 1L,Lacteos,65,4.8,201
2026-06-21,P003,Leche Entera 1L,Lacteos,38,4.8,163
2026-06-22,P003,Leche Entera 1L,Lacteos,32,4.8,131
2026-06-23,P003,Leche Entera 1L,Lacteos,35,4.8,96
2026-06-24,P003,Leche Entera 1L,Lacteos,37,4.8,59
2026-06-25,P003,Leche Entera 1L,Lacteos,38,4.8,21
2026-06-26,P003,Leche Entera 1L,Lacteos,21,4.8,0
2026-06-27,P003,Leche Entera 1L,Lacteos,0,4.8,0
2026-06-28,P003,Leche Entera 1L,Lacteos,0,4.8,0
2026-06-29,P003,Leche Entera 1L,Lacteos,0,4.8,0
2026-06-30,P003,Leche Entera 1L,Lacteos,0,4.8,0
2026-07-01,P003,Leche Entera 1L,Lacteos,0,4.8,0
2026-07-02,P003,Leche Entera 1L,Lacteos,0,4.8,0
2026-07-03,P003,Leche Entera 1L,Lacteos,0,4.8,0
2026-07-04,P003,Leche Entera 1L,Lacteos,0,4.8,0
2026-07-05,P003,Leche Entera 1L,Lacteos,0,4.8,0
2026-01-07,P004,Arroz 1kg,Abarrotes,14,6.0,173
2026-01-08,P004,Arroz 1kg,Abarrotes,16,6.0,157
2026-01-09,P004,Arroz 1kg,Abarrotes,17,6.0,174
2026-01-10,P004,Arroz 1kg,Abarrotes,27,6.0,147
2026-01-11,P004,Arroz 1kg,Abarrotes,21,6.0,126
2026-01-12,P004,Arroz 1kg,Abarrotes,15,6.0,111
2026-01-13,P004,Arroz 1kg,Abarrotes,17,6.0,94
2026-01-14,P004,Arroz 1kg,Abarrotes,21,6.0,73
2026-01-15,P004,Arroz 1kg,Abarrotes,21,6.0,52
2026-01-16,P004,Arroz 1kg,Abarrotes,13,6.0,39
2026-01-17,P004,Arroz 1kg,Abarrotes,14,6.0,25
2026-01-18,P004,Arroz 1kg,Abarrotes,13,6.0,12
2026-01-19,P004,Arroz 1kg,Abarrotes,12,6.0,0
2026-01-20,P004,Arroz 1kg,Abarrotes,0,6.0,0
2026-01-21,P004,Arroz 1kg,Abarrotes,8,6.0,163
2026-01-22,P004,Arroz 1kg,Abarrotes,19,6.0,144
2026-01-23,P004,Arroz 1kg,Abarrotes,24,6.0,120
2026-01-24,P004,Arroz 1kg,Abarrotes,16,6.0,104
2026-01-25,P004,Arroz 1kg,Abarrotes,16,6.0,88
2026-01-26,P004,Arroz 1kg,Abarrotes,16,6.0,72
2026-01-27,P004,Arroz 1kg,Abarrotes,15,6.0,57
2026-01-28,P004,Arroz 1kg,Abarrotes,18,6.0,39
2026-01-29,P004,Arroz 1kg,Abarrotes,16,6.0,23
2026-01-30,P004,Arroz 1kg,Abarrotes,23,6.0,0
2026-01-31,P004,Arroz 1kg,Abarrotes,0,6.0,0
2026-02-01,P004,Arroz 1kg,Abarrotes,0,6.0,0
2026-02-02,P004,Arroz 1kg,Abarrotes,17,6.0,150
2026-02-03,P004,Arroz 1kg,Abarrotes,12,6.0,138
2026-02-04,P004,Arroz 1kg,Abarrotes,20,6.0,118
2026-02-05,P004,Arroz 1kg,Abarrotes,15,6.0,103
2026-02-06,P004,Arroz 1kg,Abarrotes,20,6.0,83
2026-02-07,P004,Arroz 1kg,Abarrotes,16,6.0,67
2026-02-08,P004,Arroz 1kg,Abarrotes,16,6.0,51
2026-02-09,P004,Arroz 1kg,Abarrotes,8,6.0,43
2026-02-10,P004,Arroz 1kg,Abarrotes,15,6.0,28
2026-02-11,P004,Arroz 1kg,Abarrotes,23,6.0,5
2026-02-12,P004,Arroz 1kg,Abarrotes,4,6.0,1
2026-02-13,P004,Arroz 1kg,Abarrotes,0,6.0,1
2026-02-14,P004,Arroz 1kg,Abarrotes,25,6.0,156
2026-02-15,P004,Arroz 1kg,Abarrotes,28,6.0,128
2026-02-16,P004,Arroz 1kg,Abarrotes,17,6.0,111
2026-02-17,P004,Arroz 1kg,Abarrotes,20,6.0,91
2026-02-18,P004,Arroz 1kg,Abarrotes,11,6.0,80
2026-02-19,P004,Arroz 1kg,Abarrotes,13,6.0,67
2026-02-20,P004,Arroz 1kg,Abarrotes,13,6.0,54
2026-02-21,P004,Arroz 1kg,Abarrotes,17,6.0,37
2026-02-22,P004,Arroz 1kg,Abarrotes,23,6.0,14
2026-02-23,P004,Arroz 1kg,Abarrotes,14,6.0,0
2026-02-24,P004,Arroz 1kg,Abarrotes,0,6.0,0
2026-02-25,P004,Arroz 1kg,Abarrotes,0,6.0,0
2026-02-26,P004,Arroz 1kg,Abarrotes,19,6.0,173
2026-02-27,P004,Arroz 1kg,Abarrotes,23,6.0,150
2026-02-28,P004,Arroz 1kg,Abarrotes,17,6.0,133
2026-03-01,P004,Arroz 1kg,Abarrotes,19,6.0,114
2026-03-02,P004,Arroz 1kg,Abarrotes,14,6.0,100
2026-03-03,P004,Arroz 1kg,Abarrotes,14,6.0,86
2026-03-04,P004,Arroz 1kg,Abarrotes,14,6.0,72
2026-03-05,P004,Arroz 1kg,Abarrotes,14,6.0,58
2026-03-06,P004,Arroz 1kg,Abarrotes,18,6.0,40
2026-03-07,P004,Arroz 1kg,Abarrotes,24,6.0,16
2026-03-08,P004,Arroz 1kg,Abarrotes,15,6.0,1
2026-03-09,P004,Arroz 1kg,Abarrotes,0,6.0,1
2026-03-10,P004,Arroz 1kg,Abarrotes,20,6.0,173
2026-03-11,P004,Arroz 1kg,Abarrotes,13,6.0,160
2026-03-12,P004,Arroz 1kg,Abarrotes,17,6.0,143
2026-03-13,P004,Arroz 1kg,Abarrotes,17,6.0,126
2026-03-14,P004,Arroz 1kg,Abarrotes,16,6.0,110
2026-03-15,P004,Arroz 1kg,Abarrotes,21,6.0,89
2026-03-16,P004,Arroz 1kg,Abarrotes,19,6.0,70
2026-03-17,P004,Arroz 1kg,Abarrotes,15,6.0,55
2026-03-18,P004,Arroz 1kg,Abarrotes,15,6.0,40
2026-03-19,P004,Arroz 1kg,Abarrotes,18,6.0,22
2026-03-20,P004,Arroz 1kg,Abarrotes,21,6.0,1
2026-03-21,P004,Arroz 1kg,Abarrotes,0,6.0,1
2026-03-22,P004,Arroz 1kg,Abarrotes,22,6.0,169
2026-03-23,P004,Arroz 1kg,Abarrotes,11,6.0,158
2026-03-24,P004,Arroz 1kg,Abarrotes,19,6.0,139
2026-03-25,P004,Arroz 1kg,Abarrotes,13,6.0,126
2026-03-26,P004,Arroz 1kg,Abarrotes,13,6.0,113
2026-03-27,P004,Arroz 1kg,Abarrotes,17,6.0,96
2026-03-28,P004,Arroz 1kg,Abarrotes,21,6.0,75
2026-03-29,P004,Arroz 1kg,Abarrotes,14,6.0,61
2026-03-30,P004,Arroz 1kg,Abarrotes,15,6.0,46
2026-03-31,P004,Arroz 1kg,Abarrotes,17,6.0,29
2026-04-01,P004,Arroz 1kg,Abarrotes,19,6.0,10
2026-04-02,P004,Arroz 1kg,Abarrotes,10,6.0,0
2026-04-03,P004,Arroz 1kg,Abarrotes,18,6.0,171
2026-04-04,P004,Arroz 1kg,Abarrotes,17,6.0,154
2026-04-05,P004,Arroz 1kg,Abarrotes,17,6.0,137
2026-04-06,P004,Arroz 1kg,Abarrotes,10,6.0,127
2026-04-07,P004,Arroz 1kg,Abarrotes,20,6.0,107
2026-04-08,P004,Arroz 1kg,Abarrotes,15,6.0,92
2026-04-09,P004,Arroz 1kg,Abarrotes,14,6.0,78
2026-04-10,P004,Arroz 1kg,Abarrotes,12,6.0,66
2026-04-11,P004,Arroz 1kg,Abarrotes,14,6.0,52
2026-04-12,P004,Arroz 1kg,Abarrotes,27,6.0,25
2026-04-13,P004,Arroz 1kg,Abarrotes,17,6.0,8
2026-04-14,P004,Arroz 1kg,Abarrotes,7,6.0,1
2026-04-15,P004,Arroz 1kg,Abarrotes,16,6.0,159
2026-04-16,P004,Arroz 1kg,Abarrotes,22,6.0,137
2026-04-17,P004,Arroz 1kg,Abarrotes,14,6.0,123
2026-04-18,P004,Arroz 1kg,Abarrotes,32,6.0,91
2026-04-19,P004,Arroz 1kg,Abarrotes,27,6.0,64
2026-04-20,P004,Arroz 1kg,Abarrotes,16,6.0,48
2026-04-21,P004,Arroz 1kg,Abarrotes,15,6.0,33
2026-04-22,P004,Arroz 1kg,Abarrotes,13,6.0,20
2026-04-23,P004,Arroz 1kg,Abarrotes,16,6.0,4
2026-04-24,P004,Arroz 1kg,Abarrotes,4,6.0,0
2026-04-25,P004,Arroz 1kg,Abarrotes,0,6.0,0
2026-04-26,P004,Arroz 1kg,Abarrotes,0,6.0,0
2026-04-27,P004,Arroz 1kg,Abarrotes,20,6.0,168
2026-04-28,P004,Arroz 1kg,Abarrotes,9,6.0,159
2026-04-29,P004,Arroz 1kg,Abarrotes,13,6.0,146
2026-04-30,P004,Arroz 1kg,Abarrotes,14,6.0,132
2026-05-01,P004,Arroz 1kg,Abarrotes,32,6.0,100
2026-05-02,P004,Arroz 1kg,Abarrotes,22,6.0,78
2026-05-03,P004,Arroz 1kg,Abarrotes,24,6.0,54
2026-05-04,P004,Arroz 1kg,Abarrotes,10,6.0,44
2026-05-05,P004,Arroz 1kg,Abarrotes,16,6.0,28
2026-05-06,P004,Arroz 1kg,Abarrotes,19,6.0,9
2026-05-07,P004,Arroz 1kg,Abarrotes,9,6.0,0
2026-05-08,P004,Arroz 1kg,Abarrotes,0,6.0,0
2026-05-09,P004,Arroz 1kg,Abarrotes,26,6.0,188
2026-05-10,P004,Arroz 1kg,Abarrotes,23,6.0,165
2026-05-11,P004,Arroz 1kg,Abarrotes,15,6.0,150
2026-05-12,P004,Arroz 1kg,Abarrotes,13,6.0,137
2026-05-13,P004,Arroz 1kg,Abarrotes,14,6.0,123
2026-05-14,P004,Arroz 1kg,Abarrotes,15,6.0,108
2026-05-15,P004,Arroz 1kg,Abarrotes,27,6.0,81
2026-05-16,P004,Arroz 1kg,Abarrotes,24,6.0,57
2026-05-17,P004,Arroz 1kg,Abarrotes,23,6.0,34
2026-05-18,P004,Arroz 1kg,Abarrotes,19,6.0,15
2026-05-19,P004,Arroz 1kg,Abarrotes,14,6.0,1
2026-05-20,P004,Arroz 1kg,Abarrotes,0,6.0,1
2026-05-21,P004,Arroz 1kg,Abarrotes,20,6.0,174
2026-05-22,P004,Arroz 1kg,Abarrotes,19,6.0,155
2026-05-23,P004,Arroz 1kg,Abarrotes,20,6.0,135
2026-05-24,P004,Arroz 1kg,Abarrotes,21,6.0,114
2026-05-25,P004,Arroz 1kg,Abarrotes,15,6.0,99
2026-05-26,P004,Arroz 1kg,Abarrotes,20,6.0,79
2026-05-27,P004,Arroz 1kg,Abarrotes,14,6.0,65
2026-05-28,P004,Arroz 1kg,Abarrotes,20,6.0,45
2026-05-29,P004,Arroz 1kg,Abarrotes,20,6.0,25
2026-05-30,P004,Arroz 1kg,Abarrotes,23,6.0,2
2026-05-31,P004,Arroz 1kg,Abarrotes,1,6.0,1
2026-06-01,P004,Arroz 1kg,Abarrotes,0,6.0,1
2026-06-02,P004,Arroz 1kg,Abarrotes,12,6.0,202
2026-06-03,P004,Arroz 1kg,Abarrotes,16,6.0,186
2026-06-04,P004,Arroz 1kg,Abarrotes,24,6.0,162
2026-06-05,P004,Arroz 1kg,Abarrotes,9,6.0,153
2026-06-06,P004,Arroz 1kg,Abarrotes,25,6.0,128
2026-06-07,P004,Arroz 1kg,Abarrotes,26,6.0,102
2026-06-08,P004,Arroz 1kg,Abarrotes,12,6.0,90
2026-06-09,P004,Arroz 1kg,Abarrotes,15,6.0,75
2026-06-10,P004,Arroz 1kg,Abarrotes,13,6.0,62
2026-06-11,P004,Arroz 1kg,Abarrotes,23,6.0,39
2026-06-12,P004,Arroz 1kg,Abarrotes,26,6.0,13
2026-06-13,P004,Arroz 1kg,Abarrotes,12,6.0,1
2026-06-14,P004,Arroz 1kg,Abarrotes,28,6.0,177
2026-06-15,P004,Arroz 1kg,Abarrotes,17,6.0,160
2026-06-16,P004,Arroz 1kg,Abarrotes,14,6.0,146
2026-06-17,P004,Arroz 1kg,Abarrotes,17,6.0,129
2026-06-18,P004,Arroz 1kg,Abarrotes,16,6.0,113
2026-06-19,P004,Arroz 1kg,Abarrotes,10,6.0,103
2026-06-20,P004,Arroz 1kg,Abarrotes,19,6.0,84
2026-06-21,P004,Arroz 1kg,Abarrotes,23,6.0,61
2026-06-22,P004,Arroz 1kg,Abarrotes,15,6.0,46
2026-06-23,P004,Arroz 1kg,Abarrotes,14,6.0,32
2026-06-24,P004,Arroz 1kg,Abarrotes,20,6.0,12
2026-06-25,P004,Arroz 1kg,Abarrotes,11,6.0,1
2026-06-26,P004,Arroz 1kg,Abarrotes,21,6.0,152
2026-06-27,P004,Arroz 1kg,Abarrotes,32,6.0,120
2026-06-28,P004,Arroz 1kg,Abarrotes,27,6.0,93
2026-06-29,P004,Arroz 1kg,Abarrotes,18,6.0,75
2026-06-30,P004,Arroz 1kg,Abarrotes,21,6.0,54
2026-07-01,P004,Arroz 1kg,Abarrotes,15,6.0,39
2026-07-02,P004,Arroz 1kg,Abarrotes,10,6.0,29
2026-07-03,P004,Arroz 1kg,Abarrotes,17,6.0,12
2026-07-04,P004,Arroz 1kg,Abarrotes,11,6.0,1
2026-07-05,P004,Arroz 1kg,Abarrotes,0,6.0,1
2026-01-07,P005,Detergente 1L,Limpieza,10,12.5,70
2026-01-08,P005,Detergente 1L,Limpieza,6,12.5,64
2026-01-09,P005,Detergente 1L,Limpieza,11,12.5,53
2026-01-10,P005,Detergente 1L,Limpieza,6,12.5,47
2026-01-11,P005,Detergente 1L,Limpieza,11,12.5,69
2026-01-12,P005,Detergente 1L,Limpieza,8,12.5,61
2026-01-13,P005,Detergente 1L,Limpieza,6,12.5,55
2026-01-14,P005,Detergente 1L,Limpieza,9,12.5,46
2026-01-15,P005,Detergente 1L,Limpieza,7,12.5,39
2026-01-16,P005,Detergente 1L,Limpieza,10,12.5,29
2026-01-17,P005,Detergente 1L,Limpieza,15,12.5,14
2026-01-18,P005,Detergente 1L,Limpieza,10,12.5,4
2026-01-19,P005,Detergente 1L,Limpieza,3,12.5,1
2026-01-20,P005,Detergente 1L,Limpieza,0,12.5,1
2026-01-21,P005,Detergente 1L,Limpieza,0,12.5,1
2026-01-22,P005,Detergente 1L,Limpieza,0,12.5,1
2026-01-23,P005,Detergente 1L,Limpieza,0,12.5,1
2026-01-24,P005,Detergente 1L,Limpieza,0,12.5,1
2026-01-25,P005,Detergente 1L,Limpieza,11,12.5,63
2026-01-26,P005,Detergente 1L,Limpieza,8,12.5,55
2026-01-27,P005,Detergente 1L,Limpieza,6,12.5,49
2026-01-28,P005,Detergente 1L,Limpieza,9,12.5,40
2026-01-29,P005,Detergente 1L,Limpieza,5,12.5,35
2026-01-30,P005,Detergente 1L,Limpieza,13,12.5,22
2026-01-31,P005,Detergente 1L,Limpieza,7,12.5,15
2026-02-01,P005,Detergente 1L,Limpieza,10,12.5,5
2026-02-02,P005,Detergente 1L,Limpieza,5,12.5,0
2026-02-03,P005,Detergente 1L,Limpieza,0,12.5,0
2026-02-04,P005,Detergente 1L,Limpieza,0,12.5,0
2026-02-05,P005,Detergente 1L,Limpieza,0,12.5,0
2026-02-06,P005,Detergente 1L,Limpieza,0,12.5,0
2026-02-07,P005,Detergente 1L,Limpieza,0,12.5,0
2026-02-08,P005,Detergente 1L,Limpieza,10,12.5,79
2026-02-09,P005,Detergente 1L,Limpieza,5,12.5,74
2026-02-10,P005,Detergente 1L,Limpieza,8,12.5,66
2026-02-11,P005,Detergente 1L,Limpieza,8,12.5,58
2026-02-12,P005,Detergente 1L,Limpieza,8,12.5,50
2026-02-13,P005,Detergente 1L,Limpieza,7,12.5,43
2026-02-14,P005,Detergente 1L,Limpieza,8,12.5,35
2026-02-15,P005,Detergente 1L,Limpieza,12,12.5,23
2026-02-16,P005,Detergente 1L,Limpieza,8,12.5,15
2026-02-17,P005,Detergente 1L,Limpieza,9,12.5,6
2026-02-18,P005,Detergente 1L,Limpieza,5,12.5,1
2026-02-19,P005,Detergente 1L,Limpieza,0,12.5,1
2026-02-20,P005,Detergente 1L,Limpieza,0,12.5,1
2026-02-21,P005,Detergente 1L,Limpieza,0,12.5,1
2026-02-22,P005,Detergente 1L,Limpieza,7,12.5,62
2026-02-23,P005,Detergente 1L,Limpieza,9,12.5,53
2026-02-24,P005,Detergente 1L,Limpieza,6,12.5,47
2026-02-25,P005,Detergente 1L,Limpieza,10,12.5,37
2026-02-26,P005,Detergente 1L,Limpieza,7,12.5,30
2026-02-27,P005,Detergente 1L,Limpieza,11,12.5,19
2026-02-28,P005,Detergente 1L,Limpieza,11,12.5,8
2026-03-01,P005,Detergente 1L,Limpieza,6,12.5,2
2026-03-02,P005,Detergente 1L,Limpieza,2,12.5,0
2026-03-03,P005,Detergente 1L,Limpieza,0,12.5,0
2026-03-04,P005,Detergente 1L,Limpieza,0,12.5,0
2026-03-05,P005,Detergente 1L,Limpieza,0,12.5,0
2026-03-06,P005,Detergente 1L,Limpieza,0,12.5,0
2026-03-07,P005,Detergente 1L,Limpieza,0,12.5,0
2026-03-08,P005,Detergente 1L,Limpieza,11,12.5,58
2026-03-09,P005,Detergente 1L,Limpieza,10,12.5,48
2026-03-10,P005,Detergente 1L,Limpieza,7,12.5,41
2026-03-11,P005,Detergente 1L,Limpieza,10,12.5,31
2026-03-12,P005,Detergente 1L,Limpieza,12,12.5,19
2026-03-13,P005,Detergente 1L,Limpieza,10,12.5,9
2026-03-14,P005,Detergente 1L,Limpieza,8,12.5,1
2026-03-15,P005,Detergente 1L,Limpieza,0,12.5,1
2026-03-16,P005,Detergente 1L,Limpieza,0,12.5,1
2026-03-17,P005,Detergente 1L,Limpieza,0,12.5,1
2026-03-18,P005,Detergente 1L,Limpieza,0,12.5,1
2026-03-19,P005,Detergente 1L,Limpieza,0,12.5,1
2026-03-20,P005,Detergente 1L,Limpieza,0,12.5,1
2026-03-21,P005,Detergente 1L,Limpieza,0,12.5,1
2026-03-22,P005,Detergente 1L,Limpieza,6,12.5,69
2026-03-23,P005,Detergente 1L,Limpieza,6,12.5,63
2026-03-24,P005,Detergente 1L,Limpieza,6,12.5,57
2026-03-25,P005,Detergente 1L,Limpieza,9,12.5,48
2026-03-26,P005,Detergente 1L,Limpieza,8,12.5,40
2026-03-27,P005,Detergente 1L,Limpieza,9,12.5,31
2026-03-28,P005,Detergente 1L,Limpieza,16,12.5,15
2026-03-29,P005,Detergente 1L,Limpieza,9,12.5,6
2026-03-30,P005,Detergente 1L,Limpieza,6,12.5,0
2026-03-31,P005,Detergente 1L,Limpieza,0,12.5,0
2026-04-01,P005,Detergente 1L,Limpieza,0,12.5,0
2026-04-02,P005,Detergente 1L,Limpieza,0,12.5,0
2026-04-03,P005,Detergente 1L,Limpieza,0,12.5,0
2026-04-04,P005,Detergente 1L,Limpieza,0,12.5,0
2026-04-05,P005,Detergente 1L,Limpieza,9,12.5,64
2026-04-06,P005,Detergente 1L,Limpieza,10,12.5,54
2026-04-07,P005,Detergente 1L,Limpieza,11,12.5,43
2026-04-08,P005,Detergente 1L,Limpieza,7,12.5,36
2026-04-09,P005,Detergente 1L,Limpieza,7,12.5,29
2026-04-10,P005,Detergente 1L,Limpieza,12,12.5,17
2026-04-11,P005,Detergente 1L,Limpieza,9,12.5,8
2026-04-12,P005,Detergente 1L,Limpieza,7,12.5,1
2026-04-13,P005,Detergente 1L,Limpieza,0,12.5,1
2026-04-14,P005,Detergente 1L,Limpieza,0,12.5,1
2026-04-15,P005,Detergente 1L,Limpieza,0,12.5,1
2026-04-16,P005,Detergente 1L,Limpieza,0,12.5,1
2026-04-17,P005,Detergente 1L,Limpieza,0,12.5,1
2026-04-18,P005,Detergente 1L,Limpieza,0,12.5,1
2026-04-19,P005,Detergente 1L,Limpieza,12,12.5,78
2026-04-20,P005,Detergente 1L,Limpieza,10,12.5,68
2026-04-21,P005,Detergente 1L,Limpieza,7,12.5,61
2026-04-22,P005,Detergente 1L,Limpieza,8,12.5,53
2026-04-23,P005,Detergente 1L,Limpieza,5,12.5,48
2026-04-24,P005,Detergente 1L,Limpieza,8,12.5,40
2026-04-25,P005,Detergente 1L,Limpieza,13,12.5,27
2026-04-26,P005,Detergente 1L,Limpieza,9,12.5,18
2026-04-27,P005,Detergente 1L,Limpieza,7,12.5,11
2026-04-28,P005,Detergente 1L,Limpieza,8,12.5,3
2026-04-29,P005,Detergente 1L,Limpieza,2,12.5,1
2026-04-30,P005,Detergente 1L,Limpieza,0,12.5,1
2026-05-01,P005,Detergente 1L,Limpieza,0,12.5,1
2026-05-02,P005,Detergente 1L,Limpieza,0,12.5,1
2026-05-03,P005,Detergente 1L,Limpieza,10,12.5,72
2026-05-04,P005,Detergente 1L,Limpieza,10,12.5,62
2026-05-05,P005,Detergente 1L,Limpieza,9,12.5,53
2026-05-06,P005,Detergente 1L,Limpieza,12,12.5,41
2026-05-07,P005,Detergente 1L,Limpieza,9,12.5,32
2026-05-08,P005,Detergente 1L,Limpieza,10,12.5,22
2026-05-09,P005,Detergente 1L,Limpieza,12,12.5,10
2026-05-10,P005,Detergente 1L,Limpieza,10,12.5,0
2026-05-11,P005,Detergente 1L,Limpieza,0,12.5,0
2026-05-12,P005,Detergente 1L,Limpieza,0,12.5,0
2026-05-13,P005,Detergente 1L,Limpieza,0,12.5,0
2026-05-14,P005,Detergente 1L,Limpieza,0,12.5,0
2026-05-15,P005,Detergente 1L,Limpieza,0,12.5,0
2026-05-16,P005,Detergente 1L,Limpieza,0,12.5,0
2026-05-17,P005,Detergente 1L,Limpieza,10,12.5,62
2026-05-18,P005,Detergente 1L,Limpieza,7,12.5,55
2026-05-19,P005,Detergente 1L,Limpieza,7,12.5,48
2026-05-20,P005,Detergente 1L,Limpieza,9,12.5,39
2026-05-21,P005,Detergente 1L,Limpieza,9,12.5,30
2026-05-22,P005,Detergente 1L,Limpieza,12,12.5,18
2026-05-23,P005,Detergente 1L,Limpieza,11,12.5,7
2026-05-24,P005,Detergente 1L,Limpieza,6,12.5,1
2026-05-25,P005,Detergente 1L,Limpieza,0,12.5,1
2026-05-26,P005,Detergente 1L,Limpieza,0,12.5,1
2026-05-27,P005,Detergente 1L,Limpieza,0,12.5,1
2026-05-28,P005,Detergente 1L,Limpieza,0,12.5,1
2026-05-29,P005,Detergente 1L,Limpieza,0,12.5,1
2026-05-30,P005,Detergente 1L,Limpieza,0,12.5,1
2026-05-31,P005,Detergente 1L,Limpieza,10,12.5,71
2026-06-01,P005,Detergente 1L,Limpieza,9,12.5,62
2026-06-02,P005,Detergente 1L,Limpieza,9,12.5,53
2026-06-03,P005,Detergente 1L,Limpieza,11,12.5,42
2026-06-04,P005,Detergente 1L,Limpieza,8,12.5,34
2026-06-05,P005,Detergente 1L,Limpieza,12,12.5,22
2026-06-06,P005,Detergente 1L,Limpieza,13,12.5,9
2026-06-07,P005,Detergente 1L,Limpieza,9,12.5,0
2026-06-08,P005,Detergente 1L,Limpieza,0,12.5,0
2026-06-09,P005,Detergente 1L,Limpieza,0,12.5,0
2026-06-10,P005,Detergente 1L,Limpieza,0,12.5,0
2026-06-11,P005,Detergente 1L,Limpieza,0,12.5,0
2026-06-12,P005,Detergente 1L,Limpieza,0,12.5,0
2026-06-13,P005,Detergente 1L,Limpieza,0,12.5,0
2026-06-14,P005,Detergente 1L,Limpieza,10,12.5,66
2026-06-15,P005,Detergente 1L,Limpieza,9,12.5,57
2026-06-16,P005,Detergente 1L,Limpieza,9,12.5,48
2026-06-17,P005,Detergente 1L,Limpieza,8,12.5,40
2026-06-18,P005,Detergente 1L,Limpieza,8,12.5,32
2026-06-19,P005,Detergente 1L,Limpieza,7,12.5,25
2026-06-20,P005,Detergente 1L,Limpieza,13,12.5,12
2026-06-21,P005,Detergente 1L,Limpieza,12,12.5,0
2026-06-22,P005,Detergente 1L,Limpieza,0,12.5,0
2026-06-23,P005,Detergente 1L,Limpieza,0,12.5,0
2026-06-24,P005,Detergente 1L,Limpieza,0,12.5,0
2026-06-25,P005,Detergente 1L,Limpieza,0,12.5,0
2026-06-26,P005,Detergente 1L,Limpieza,0,12.5,0
2026-06-27,P005,Detergente 1L,Limpieza,0,12.5,0
2026-06-28,P005,Detergente 1L,Limpieza,12,12.5,61
2026-06-29,P005,Detergente 1L,Limpieza,8,12.5,53
2026-06-30,P005,Detergente 1L,Limpieza,6,12.5,47
2026-07-01,P005,Detergente 1L,Limpieza,10,12.5,37
2026-07-02,P005,Detergente 1L,Limpieza,10,12.5,27
2026-07-03,P005,Detergente 1L,Limpieza,11,12.5,16
2026-07-04,P005,Detergente 1L,Limpieza,16,12.5,0
2026-07-05,P005,Detergente 1L,Limpieza,0,12.5,0
2026-01-07,P006,Papel Higienico x4,Limpieza,9,9.0,90
2026-01-08,P006,Papel Higienico x4,Limpieza,10,9.0,80
2026-01-09,P006,Papel Higienico x4,Limpieza,12,9.0,68
2026-01-10,P006,Papel Higienico x4,Limpieza,13,9.0,55
2026-01-11,P006,Papel Higienico x4,Limpieza,9,9.0,46
2026-01-12,P006,Papel Higienico x4,Limpieza,12,9.0,34
2026-01-13,P006,Papel Higienico x4,Limpieza,9,9.0,25
2026-01-14,P006,Papel Higienico x4,Limpieza,12,9.0,13
2026-01-15,P006,Papel Higienico x4,Limpieza,10,9.0,3
2026-01-16,P006,Papel Higienico x4,Limpieza,3,9.0,0
2026-01-17,P006,Papel Higienico x4,Limpieza,0,9.0,0
2026-01-18,P006,Papel Higienico x4,Limpieza,0,9.0,0
2026-01-19,P006,Papel Higienico x4,Limpieza,0,9.0,0
2026-01-20,P006,Papel Higienico x4,Limpieza,12,9.0,76
2026-01-21,P006,Papel Higienico x4,Limpieza,12,9.0,64
2026-01-22,P006,Papel Higienico x4,Limpieza,11,9.0,53
2026-01-23,P006,Papel Higienico x4,Limpieza,10,9.0,43
2026-01-24,P006,Papel Higienico x4,Limpieza,13,9.0,30
2026-01-25,P006,Papel Higienico x4,Limpieza,14,9.0,16
2026-01-26,P006,Papel Higienico x4,Limpieza,8,9.0,8
2026-01-27,P006,Papel Higienico x4,Limpieza,7,9.0,1
2026-01-28,P006,Papel Higienico x4,Limpieza,1,9.0,0
2026-01-29,P006,Papel Higienico x4,Limpieza,0,9.0,0
2026-01-30,P006,Papel Higienico x4,Limpieza,0,9.0,0
2026-01-31,P006,Papel Higienico x4,Limpieza,0,9.0,0
2026-02-01,P006,Papel Higienico x4,Limpieza,0,9.0,0
2026-02-02,P006,Papel Higienico x4,Limpieza,0,9.0,0
2026-02-03,P006,Papel Higienico x4,Limpieza,0,9.0,0
2026-02-04,P006,Papel Higienico x4,Limpieza,9,9.0,89
2026-02-05,P006,Papel Higienico x4,Limpieza,5,9.0,84
2026-02-06,P006,Papel Higienico x4,Limpieza,9,9.0,75
2026-02-07,P006,Papel Higienico x4,Limpieza,15,9.0,60
2026-02-08,P006,Papel Higienico x4,Limpieza,15,9.0,45
2026-02-09,P006,Papel Higienico x4,Limpieza,11,9.0,34
2026-02-10,P006,Papel Higienico x4,Limpieza,8,9.0,26
2026-02-11,P006,Papel Higienico x4,Limpieza,10,9.0,16
2026-02-12,P006,Papel Higienico x4,Limpieza,10,9.0,6
2026-02-13,P006,Papel Higienico x4,Limpieza,5,9.0,1
2026-02-14,P006,Papel Higienico x4,Limpieza,0,9.0,1
2026-02-15,P006,Papel Higienico x4,Limpieza,0,9.0,1
2026-02-16,P006,Papel Higienico x4,Limpieza,0,9.0,1
2026-02-17,P006,Papel Higienico x4,Limpieza,0,9.0,1
2026-02-18,P006,Papel Higienico x4,Limpieza,0,9.0,1
2026-02-19,P006,Papel Higienico x4,Limpieza,6,9.0,81
2026-02-20,P006,Papel Higienico x4,Limpieza,12,9.0,69
2026-02-21,P006,Papel Higienico x4,Limpieza,13,9.0,56
2026-02-22,P006,Papel Higienico x4,Limpieza,13,9.0,43
2026-02-23,P006,Papel Higienico x4,Limpieza,8,9.0,35
2026-02-24,P006,Papel Higienico x4,Limpieza,10,9.0,25
2026-02-25,P006,Papel Higienico x4,Limpieza,8,9.0,17
2026-02-26,P006,Papel Higienico x4,Limpieza,12,9.0,5
2026-02-27,P006,Papel Higienico x4,Limpieza,4,9.0,1
2026-02-28,P006,Papel Higienico x4,Limpieza,0,9.0,1
2026-03-01,P006,Papel Higienico x4,Limpieza,0,9.0,1
2026-03-02,P006,Papel Higienico x4,Limpieza,0,9.0,1
2026-03-03,P006,Papel Higienico x4,Limpieza,0,9.0,1
2026-03-04,P006,Papel Higienico x4,Limpieza,0,9.0,1
2026-03-05,P006,Papel Higienico x4,Limpieza,0,9.0,1
2026-03-06,P006,Papel Higienico x4,Limpieza,16,9.0,94
2026-03-07,P006,Papel Higienico x4,Limpieza,15,9.0,79
2026-03-08,P006,Papel Higienico x4,Limpieza,16,9.0,63
2026-03-09,P006,Papel Higienico x4,Limpieza,9,9.0,54
2026-03-10,P006,Papel Higienico x4,Limpieza,13,9.0,41
2026-03-11,P006,Papel Higienico x4,Limpieza,10,9.0,31
2026-03-12,P006,Papel Higienico x4,Limpieza,14,9.0,17
2026-03-13,P006,Papel Higienico x4,Limpieza,11,9.0,6
2026-03-14,P006,Papel Higienico x4,Limpieza,6,9.0,0
2026-03-15,P006,Papel Higienico x4,Limpieza,0,9.0,0
2026-03-16,P006,Papel Higienico x4,Limpieza,0,9.0,0
2026-03-17,P006,Papel Higienico x4,Limpieza,0,9.0,0
2026-03-18,P006,Papel Higienico x4,Limpieza,0,9.0,0
2026-03-19,P006,Papel Higienico x4,Limpieza,0,9.0,0
2026-03-20,P006,Papel Higienico x4,Limpieza,0,9.0,0
2026-03-21,P006,Papel Higienico x4,Limpieza,12,9.0,92
2026-03-22,P006,Papel Higienico x4,Limpieza,21,9.0,71
2026-03-23,P006,Papel Higienico x4,Limpieza,10,9.0,61
2026-03-24,P006,Papel Higienico x4,Limpieza,8,9.0,53
2026-03-25,P006,Papel Higienico x4,Limpieza,12,9.0,41
2026-03-26,P006,Papel Higienico x4,Limpieza,8,9.0,33
2026-03-27,P006,Papel Higienico x4,Limpieza,15,9.0,18
2026-03-28,P006,Papel Higienico x4,Limpieza,12,9.0,6
2026-03-29,P006,Papel Higienico x4,Limpieza,5,9.0,1
2026-03-30,P006,Papel Higienico x4,Limpieza,0,9.0,1
2026-03-31,P006,Papel Higienico x4,Limpieza,0,9.0,1
2026-04-01,P006,Papel Higienico x4,Limpieza,0,9.0,1
2026-04-02,P006,Papel Higienico x4,Limpieza,0,9.0,1
2026-04-03,P006,Papel Higienico x4,Limpieza,0,9.0,1
2026-04-04,P006,Papel Higienico x4,Limpieza,0,9.0,1
2026-04-05,P006,Papel Higienico x4,Limpieza,14,9.0,81
2026-04-06,P006,Papel Higienico x4,Limpieza,12,9.0,69
2026-04-07,P006,Papel Higienico x4,Limpieza,14,9.0,55
2026-04-08,P006,Papel Higienico x4,Limpieza,9,9.0,46
2026-04-09,P006,Papel Higienico x4,Limpieza,13,9.0,33
2026-04-10,P006,Papel Higienico x4,Limpieza,13,9.0,20
2026-04-11,P006,Papel Higienico x4,Limpieza,13,9.0,7
2026-04-12,P006,Papel Higienico x4,Limpieza,7,9.0,0
2026-04-13,P006,Papel Higienico x4,Limpieza,0,9.0,0
2026-04-14,P006,Papel Higienico x4,Limpieza,0,9.0,0
2026-04-15,P006,Papel Higienico x4,Limpieza,0,9.0,0
2026-04-16,P006,Papel Higienico x4,Limpieza,0,9.0,0
2026-04-17,P006,Papel Higienico x4,Limpieza,0,9.0,0
2026-04-18,P006,Papel Higienico x4,Limpieza,0,9.0,0
2026-04-19,P006,Papel Higienico x4,Limpieza,0,9.0,0
2026-04-20,P006,Papel Higienico x4,Limpieza,11,9.0,79
2026-04-21,P006,Papel Higienico x4,Limpieza,11,9.0,68
2026-04-22,P006,Papel Higienico x4,Limpieza,10,9.0,58
2026-04-23,P006,Papel Higienico x4,Limpieza,7,9.0,51
2026-04-24,P006,Papel Higienico x4,Limpieza,14,9.0,37
2026-04-25,P006,Papel Higienico x4,Limpieza,13,9.0,24
2026-04-26,P006,Papel Higienico x4,Limpieza,17,9.0,7
2026-04-27,P006,Papel Higienico x4,Limpieza,6,9.0,1
2026-04-28,P006,Papel Higienico x4,Limpieza,0,9.0,1
2026-04-29,P006,Papel Higienico x4,Limpieza,0,9.0,1
2026-04-30,P006,Papel Higienico x4,Limpieza,0,9.0,1
2026-05-01,P006,Papel Higienico x4,Limpieza,0,9.0,1
2026-05-02,P006,Papel Higienico x4,Limpieza,0,9.0,1
2026-05-03,P006,Papel Higienico x4,Limpieza,0,9.0,1
2026-05-04,P006,Papel Higienico x4,Limpieza,0,9.0,1
2026-05-05,P006,Papel Higienico x4,Limpieza,9,9.0,85
2026-05-06,P006,Papel Higienico x4,Limpieza,11,9.0,74
2026-05-07,P006,Papel Higienico x4,Limpieza,10,9.0,64
2026-05-08,P006,Papel Higienico x4,Limpieza,15,9.0,49
2026-05-09,P006,Papel Higienico x4,Limpieza,14,9.0,35
2026-05-10,P006,Papel Higienico x4,Limpieza,10,9.0,25
2026-05-11,P006,Papel Higienico x4,Limpieza,13,9.0,12
2026-05-12,P006,Papel Higienico x4,Limpieza,9,9.0,3
2026-05-13,P006,Papel Higienico x4,Limpieza,2,9.0,1
2026-05-14,P006,Papel Higienico x4,Limpieza,0,9.0,1
2026-05-15,P006,Papel Higienico x4,Limpieza,0,9.0,1
2026-05-16,P006,Papel Higienico x4,Limpieza,0,9.0,1
2026-05-17,P006,Papel Higienico x4,Limpieza,0,9.0,1
2026-05-18,P006,Papel Higienico x4,Limpieza,0,9.0,1
2026-05-19,P006,Papel Higienico x4,Limpieza,0,9.0,1
2026-05-20,P006,Papel Higienico x4,Limpieza,15,9.0,94
2026-05-21,P006,Papel Higienico x4,Limpieza,11,9.0,83
2026-05-22,P006,Papel Higienico x4,Limpieza,18,9.0,65
2026-05-23,P006,Papel Higienico x4,Limpieza,13,9.0,52
2026-05-24,P006,Papel Higienico x4,Limpieza,15,9.0,37
2026-05-25,P006,Papel Higienico x4,Limpieza,10,9.0,27
2026-05-26,P006,Papel Higienico x4,Limpieza,9,9.0,18
2026-05-27,P006,Papel Higienico x4,Limpieza,11,9.0,7
2026-05-28,P006,Papel Higienico x4,Limpieza,7,9.0,0
2026-05-29,P006,Papel Higienico x4,Limpieza,0,9.0,0
2026-05-30,P006,Papel Higienico x4,Limpieza,0,9.0,0
2026-05-31,P006,Papel Higienico x4,Limpieza,0,9.0,0
2026-06-01,P006,Papel Higienico x4,Limpieza,0,9.0,0
2026-06-02,P006,Papel Higienico x4,Limpieza,0,9.0,0
2026-06-03,P006,Papel Higienico x4,Limpieza,0,9.0,0
2026-06-04,P006,Papel Higienico x4,Limpieza,13,9.0,76
2026-06-05,P006,Papel Higienico x4,Limpieza,15,9.0,61
2026-06-06,P006,Papel Higienico x4,Limpieza,17,9.0,44
2026-06-07,P006,Papel Higienico x4,Limpieza,6,9.0,38
2026-06-08,P006,Papel Higienico x4,Limpieza,15,9.0,23
2026-06-09,P006,Papel Higienico x4,Limpieza,10,9.0,13
2026-06-10,P006,Papel Higienico x4,Limpieza,12,9.0,1
2026-06-11,P006,Papel Higienico x4,Limpieza,0,9.0,1
2026-06-12,P006,Papel Higienico x4,Limpieza,0,9.0,1
2026-06-13,P006,Papel Higienico x4,Limpieza,0,9.0,1
2026-06-14,P006,Papel Higienico x4,Limpieza,0,9.0,1
2026-06-15,P006,Papel Higienico x4,Limpieza,0,9.0,1
2026-06-16,P006,Papel Higienico x4,Limpieza,0,9.0,1
2026-06-17,P006,Papel Higienico x4,Limpieza,0,9.0,1
2026-06-18,P006,Papel Higienico x4,Limpieza,0,9.0,1
2026-06-19,P006,Papel Higienico x4,Limpieza,16,9.0,96
2026-06-20,P006,Papel Higienico x4,Limpieza,14,9.0,82
2026-06-21,P006,Papel Higienico x4,Limpieza,20,9.0,62
2026-06-22,P006,Papel Higienico x4,Limpieza,13,9.0,49
2026-06-23,P006,Papel Higienico x4,Limpieza,12,9.0,37
2026-06-24,P006,Papel Higienico x4,Limpieza,10,9.0,27
2026-06-25,P006,Papel Higienico x4,Limpieza,11,9.0,16
2026-06-26,P006,Papel Higienico x4,Limpieza,15,9.0,1
2026-06-27,P006,Papel Higienico x4,Limpieza,1,9.0,0
2026-06-28,P006,Papel Higienico x4,Limpieza,0,9.0,0
2026-06-29,P006,Papel Higienico x4,Limpieza,0,9.0,0
2026-06-30,P006,Papel Higienico x4,Limpieza,0,9.0,0
2026-07-01,P006,Papel Higienico x4,Limpieza,0,9.0,0
2026-07-02,P006,Papel Higienico x4,Limpieza,0,9.0,0
2026-07-03,P006,Papel Higienico x4,Limpieza,0,9.0,0
2026-07-04,P006,Papel Higienico x4,Limpieza,14,9.0,90
2026-07-05,P006,Papel Higienico x4,Limpieza,15,9.0,75
2026-01-07,P007,Cerveza Lata,Bebidas,21,4.0,179
2026-01-08,P007,Cerveza Lata,Bebidas,16,4.0,163
2026-01-09,P007,Cerveza Lata,Bebidas,30,4.0,133
2026-01-10,P007,Cerveza Lata,Bebidas,25,4.0,108
2026-01-11,P007,Cerveza Lata,Bebidas,24,4.0,84
2026-01-12,P007,Cerveza Lata,Bebidas,23,4.0,61
2026-01-13,P007,Cerveza Lata,Bebidas,14,4.0,209
2026-01-14,P007,Cerveza Lata,Bebidas,16,4.0,193
2026-01-15,P007,Cerveza Lata,Bebidas,14,4.0,179
2026-01-16,P007,Cerveza Lata,Bebidas,32,4.0,147
2026-01-17,P007,Cerveza Lata,Bebidas,33,4.0,114
2026-01-18,P007,Cerveza Lata,Bebidas,34,4.0,80
2026-01-19,P007,Cerveza Lata,Bebidas,12,4.0,68
2026-01-20,P007,Cerveza Lata,Bebidas,24,4.0,44
2026-01-21,P007,Cerveza Lata,Bebidas,29,4.0,15
2026-01-22,P007,Cerveza Lata,Bebidas,14,4.0,1
2026-01-23,P007,Cerveza Lata,Bebidas,0,4.0,1
2026-01-24,P007,Cerveza Lata,Bebidas,0,4.0,1
2026-01-25,P007,Cerveza Lata,Bebidas,0,4.0,1
2026-01-26,P007,Cerveza Lata,Bebidas,0,4.0,1
2026-01-27,P007,Cerveza Lata,Bebidas,0,4.0,1
2026-01-28,P007,Cerveza Lata,Bebidas,0,4.0,1
2026-01-29,P007,Cerveza Lata,Bebidas,0,4.0,1
2026-01-30,P007,Cerveza Lata,Bebidas,0,4.0,1
2026-01-31,P007,Cerveza Lata,Bebidas,17,4.0,186
2026-02-01,P007,Cerveza Lata,Bebidas,27,4.0,159
2026-02-02,P007,Cerveza Lata,Bebidas,10,4.0,149
2026-02-03,P007,Cerveza Lata,Bebidas,18,4.0,131
2026-02-04,P007,Cerveza Lata,Bebidas,27,4.0,104
2026-02-05,P007,Cerveza Lata,Bebidas,21,4.0,83
2026-02-06,P007,Cerveza Lata,Bebidas,27,4.0,56
2026-02-07,P007,Cerveza Lata,Bebidas,36,4.0,20
2026-02-08,P007,Cerveza Lata,Bebidas,19,4.0,1
2026-02-09,P007,Cerveza Lata,Bebidas,0,4.0,1
2026-02-10,P007,Cerveza Lata,Bebidas,0,4.0,1
2026-02-11,P007,Cerveza Lata,Bebidas,0,4.0,1
2026-02-12,P007,Cerveza Lata,Bebidas,0,4.0,1
2026-02-13,P007,Cerveza Lata,Bebidas,0,4.0,1
2026-02-14,P007,Cerveza Lata,Bebidas,0,4.0,1
2026-02-15,P007,Cerveza Lata,Bebidas,0,4.0,1
2026-02-16,P007,Cerveza Lata,Bebidas,0,4.0,1
2026-02-17,P007,Cerveza Lata,Bebidas,0,4.0,1
2026-02-18,P007,Cerveza Lata,Bebidas,22,4.0,180
2026-02-19,P007,Cerveza Lata,Bebidas,21,4.0,159
2026-02-20,P007,Cerveza Lata,Bebidas,40,4.0,119
2026-02-21,P007,Cerveza Lata,Bebidas,32,4.0,87
2026-02-22,P007,Cerveza Lata,Bebidas,28,4.0,59
2026-02-23,P007,Cerveza Lata,Bebidas,18,4.0,41
2026-02-24,P007,Cerveza Lata,Bebidas,22,4.0,19
2026-02-25,P007,Cerveza Lata,Bebidas,18,4.0,1
2026-02-26,P007,Cerveza Lata,Bebidas,0,4.0,1
2026-02-27,P007,Cerveza Lata,Bebidas,0,4.0,1
2026-02-28,P007,Cerveza Lata,Bebidas,0,4.0,1
2026-03-01,P007,Cerveza Lata,Bebidas,0,4.0,1
2026-03-02,P007,Cerveza Lata,Bebidas,0,4.0,1
2026-03-03,P007,Cerveza Lata,Bebidas,0,4.0,1
2026-03-04,P007,Cerveza Lata,Bebidas,0,4.0,1
2026-03-05,P007,Cerveza Lata,Bebidas,0,4.0,1
2026-03-06,P007,Cerveza Lata,Bebidas,0,4.0,1
2026-03-07,P007,Cerveza Lata,Bebidas,0,4.0,1
2026-03-08,P007,Cerveza Lata,Bebidas,28,4.0,174
2026-03-09,P007,Cerveza Lata,Bebidas,30,4.0,144
2026-03-10,P007,Cerveza Lata,Bebidas,26,4.0,118
2026-03-11,P007,Cerveza Lata,Bebidas,22,4.0,96
2026-03-12,P007,Cerveza Lata,Bebidas,16,4.0,80
2026-03-13,P007,Cerveza Lata,Bebidas,30,4.0,50
2026-03-14,P007,Cerveza Lata,Bebidas,31,4.0,19
2026-03-15,P007,Cerveza Lata,Bebidas,19,4.0,0
2026-03-16,P007,Cerveza Lata,Bebidas,0,4.0,0
2026-03-17,P007,Cerveza Lata,Bebidas,0,4.0,0
2026-03-18,P007,Cerveza Lata,Bebidas,0,4.0,0
2026-03-19,P007,Cerveza Lata,Bebidas,0,4.0,0
2026-03-20,P007,Cerveza Lata,Bebidas,0,4.0,0
2026-03-21,P007,Cerveza Lata,Bebidas,0,4.0,0
2026-03-22,P007,Cerveza Lata,Bebidas,0,4.0,0
2026-03-23,P007,Cerveza Lata,Bebidas,0,4.0,0
2026-03-24,P007,Cerveza Lata,Bebidas,0,4.0,0
2026-03-25,P007,Cerveza Lata,Bebidas,0,4.0,0
2026-03-26,P007,Cerveza Lata,Bebidas,19,4.0,177
2026-03-27,P007,Cerveza Lata,Bebidas,24,4.0,153
2026-03-28,P007,Cerveza Lata,Bebidas,27,4.0,126
2026-03-29,P007,Cerveza Lata,Bebidas,33,4.0,93
2026-03-30,P007,Cerveza Lata,Bebidas,15,4.0,78
2026-03-31,P007,Cerveza Lata,Bebidas,22,4.0,56
2026-04-01,P007,Cerveza Lata,Bebidas,16,4.0,40
2026-04-02,P007,Cerveza Lata,Bebidas,18,4.0,22
2026-04-03,P007,Cerveza Lata,Bebidas,21,4.0,1
2026-04-04,P007,Cerveza Lata,Bebidas,0,4.0,1
2026-04-05,P007,Cerveza Lata,Bebidas,0,4.0,1
2026-04-06,P007,Cerveza Lata,Bebidas,0,4.0,1
2026-04-07,P007,Cerveza Lata,Bebidas,0,4.0,1
2026-04-08,P007,Cerveza Lata,Bebidas,0,4.0,1
2026-04-09,P007,Cerveza Lata,Bebidas,0,4.0,1
2026-04-10,P007,Cerveza Lata,Bebidas,0,4.0,1
2026-04-11,P007,Cerveza Lata,Bebidas,0,4.0,1
2026-04-12,P007,Cerveza Lata,Bebidas,0,4.0,1
2026-04-13,P007,Cerveza Lata,Bebidas,26,4.0,145
2026-04-14,P007,Cerveza Lata,Bebidas,19,4.0,126
2026-04-15,P007,Cerveza Lata,Bebidas,14,4.0,112
2026-04-16,P007,Cerveza Lata,Bebidas,26,4.0,86
2026-04-17,P007,Cerveza Lata,Bebidas,29,4.0,57
2026-04-18,P007,Cerveza Lata,Bebidas,29,4.0,28
2026-04-19,P007,Cerveza Lata,Bebidas,28,4.0,0
2026-04-20,P007,Cerveza Lata,Bebidas,0,4.0,0
2026-04-21,P007,Cerveza Lata,Bebidas,0,4.0,0
2026-04-22,P007,Cerveza Lata,Bebidas,0,4.0,0
2026-04-23,P007,Cerveza Lata,Bebidas,0,4.0,0
2026-04-24,P007,Cerveza Lata,Bebidas,0,4.0,0
2026-04-25,P007,Cerveza Lata,Bebidas,0,4.0,0
2026-04-26,P007,Cerveza Lata,Bebidas,0,4.0,0
2026-04-27,P007,Cerveza Lata,Bebidas,0,4.0,0
2026-04-28,P007,Cerveza Lata,Bebidas,0,4.0,0
2026-04-29,P007,Cerveza Lata,Bebidas,0,4.0,0
2026-04-30,P007,Cerveza Lata,Bebidas,0,4.0,0
2026-05-01,P007,Cerveza Lata,Bebidas,38,4.0,149
2026-05-02,P007,Cerveza Lata,Bebidas,33,4.0,116
2026-05-03,P007,Cerveza Lata,Bebidas,27,4.0,89
2026-05-04,P007,Cerveza Lata,Bebidas,15,4.0,74
2026-05-05,P007,Cerveza Lata,Bebidas,15,4.0,59
2026-05-06,P007,Cerveza Lata,Bebidas,16,4.0,43
2026-05-07,P007,Cerveza Lata,Bebidas,21,4.0,22
2026-05-08,P007,Cerveza Lata,Bebidas,21,4.0,1
2026-05-09,P007,Cerveza Lata,Bebidas,0,4.0,1
2026-05-10,P007,Cerveza Lata,Bebidas,0,4.0,1
2026-05-11,P007,Cerveza Lata,Bebidas,0,4.0,1
2026-05-12,P007,Cerveza Lata,Bebidas,0,4.0,1
2026-05-13,P007,Cerveza Lata,Bebidas,0,4.0,1
2026-05-14,P007,Cerveza Lata,Bebidas,0,4.0,1
2026-05-15,P007,Cerveza Lata,Bebidas,0,4.0,1
2026-05-16,P007,Cerveza Lata,Bebidas,0,4.0,1
2026-05-17,P007,Cerveza Lata,Bebidas,0,4.0,1
2026-05-18,P007,Cerveza Lata,Bebidas,0,4.0,1
2026-05-19,P007,Cerveza Lata,Bebidas,18,4.0,175
2026-05-20,P007,Cerveza Lata,Bebidas,25,4.0,150
2026-05-21,P007,Cerveza Lata,Bebidas,19,4.0,131
2026-05-22,P007,Cerveza Lata,Bebidas,30,4.0,101
2026-05-23,P007,Cerveza Lata,Bebidas,33,4.0,68
2026-05-24,P007,Cerveza Lata,Bebidas,24,4.0,44
2026-05-25,P007,Cerveza Lata,Bebidas,23,4.0,21
2026-05-26,P007,Cerveza Lata,Bebidas,21,4.0,0
2026-05-27,P007,Cerveza Lata,Bebidas,0,4.0,0
2026-05-28,P007,Cerveza Lata,Bebidas,0,4.0,0
2026-05-29,P007,Cerveza Lata,Bebidas,0,4.0,0
2026-05-30,P007,Cerveza Lata,Bebidas,0,4.0,0
2026-05-31,P007,Cerveza Lata,Bebidas,0,4.0,0
2026-06-01,P007,Cerveza Lata,Bebidas,0,4.0,0
2026-06-02,P007,Cerveza Lata,Bebidas,0,4.0,0
2026-06-03,P007,Cerveza Lata,Bebidas,0,4.0,0
2026-06-04,P007,Cerveza Lata,Bebidas,0,4.0,0
2026-06-05,P007,Cerveza Lata,Bebidas,0,4.0,0
2026-06-06,P007,Cerveza Lata,Bebidas,31,4.0,196
2026-06-07,P007,Cerveza Lata,Bebidas,37,4.0,159
2026-06-08,P007,Cerveza Lata,Bebidas,13,4.0,146
2026-06-09,P007,Cerveza Lata,Bebidas,28,4.0,118
2026-06-10,P007,Cerveza Lata,Bebidas,11,4.0,107
2026-06-11,P007,Cerveza Lata,Bebidas,22,4.0,85
2026-06-12,P007,Cerveza Lata,Bebidas,42,4.0,43
2026-06-13,P007,Cerveza Lata,Bebidas,33,4.0,10
2026-06-14,P007,Cerveza Lata,Bebidas,10,4.0,0
2026-06-15,P007,Cerveza Lata,Bebidas,0,4.0,0
2026-06-16,P007,Cerveza Lata,Bebidas,0,4.0,0
2026-06-17,P007,Cerveza Lata,Bebidas,0,4.0,0
2026-06-18,P007,Cerveza Lata,Bebidas,0,4.0,0
2026-06-19,P007,Cerveza Lata,Bebidas,0,4.0,0
2026-06-20,P007,Cerveza Lata,Bebidas,0,4.0,0
2026-06-21,P007,Cerveza Lata,Bebidas,0,4.0,0
2026-06-22,P007,Cerveza Lata,Bebidas,0,4.0,0
2026-06-23,P007,Cerveza Lata,Bebidas,0,4.0,0
2026-06-24,P007,Cerveza Lata,Bebidas,19,4.0,207
2026-06-25,P007,Cerveza Lata,Bebidas,34,4.0,173
2026-06-26,P007,Cerveza Lata,Bebidas,35,4.0,138
2026-06-27,P007,Cerveza Lata,Bebidas,20,4.0,118
2026-06-28,P007,Cerveza Lata,Bebidas,26,4.0,92
2026-06-29,P007,Cerveza Lata,Bebidas,27,4.0,65
2026-06-30,P007,Cerveza Lata,Bebidas,19,4.0,46
2026-07-01,P007,Cerveza Lata,Bebidas,24,4.0,22
2026-07-02,P007,Cerveza Lata,Bebidas,22,4.0,0
2026-07-03,P007,Cerveza Lata,Bebidas,0,4.0,0
2026-07-04,P007,Cerveza Lata,Bebidas,0,4.0,0
2026-07-05,P007,Cerveza Lata,Bebidas,0,4.0,0
2026-01-07,P008,Galletas Chocolate,Snacks,18,3.0,161
2026-01-08,P008,Galletas Chocolate,Snacks,17,3.0,144
2026-01-09,P008,Galletas Chocolate,Snacks,17,3.0,127
2026-01-10,P008,Galletas Chocolate,Snacks,16,3.0,111
2026-01-11,P008,Galletas Chocolate,Snacks,17,3.0,94
2026-01-12,P008,Galletas Chocolate,Snacks,19,3.0,75
2026-01-13,P008,Galletas Chocolate,Snacks,17,3.0,58
2026-01-14,P008,Galletas Chocolate,Snacks,12,3.0,46
2026-01-15,P008,Galletas Chocolate,Snacks,20,3.0,26
2026-01-16,P008,Galletas Chocolate,Snacks,25,3.0,1
2026-01-17,P008,Galletas Chocolate,Snacks,0,3.0,1
2026-01-18,P008,Galletas Chocolate,Snacks,0,3.0,1
2026-01-19,P008,Galletas Chocolate,Snacks,15,3.0,146
2026-01-20,P008,Galletas Chocolate,Snacks,16,3.0,130
2026-01-21,P008,Galletas Chocolate,Snacks,21,3.0,109
2026-01-22,P008,Galletas Chocolate,Snacks,23,3.0,86
2026-01-23,P008,Galletas Chocolate,Snacks,17,3.0,69
2026-01-24,P008,Galletas Chocolate,Snacks,26,3.0,43
2026-01-25,P008,Galletas Chocolate,Snacks,20,3.0,23
2026-01-26,P008,Galletas Chocolate,Snacks,15,3.0,8
2026-01-27,P008,Galletas Chocolate,Snacks,8,3.0,0
2026-01-28,P008,Galletas Chocolate,Snacks,0,3.0,0
2026-01-29,P008,Galletas Chocolate,Snacks,0,3.0,0
2026-01-30,P008,Galletas Chocolate,Snacks,0,3.0,0
2026-01-31,P008,Galletas Chocolate,Snacks,0,3.0,0
2026-02-01,P008,Galletas Chocolate,Snacks,30,3.0,157
2026-02-02,P008,Galletas Chocolate,Snacks,19,3.0,138
2026-02-03,P008,Galletas Chocolate,Snacks,10,3.0,128
2026-02-04,P008,Galletas Chocolate,Snacks,13,3.0,115
2026-02-05,P008,Galletas Chocolate,Snacks,18,3.0,97
2026-02-06,P008,Galletas Chocolate,Snacks,25,3.0,72
2026-02-07,P008,Galletas Chocolate,Snacks,23,3.0,49
2026-02-08,P008,Galletas Chocolate,Snacks,21,3.0,28
2026-02-09,P008,Galletas Chocolate,Snacks,17,3.0,11
2026-02-10,P008,Galletas Chocolate,Snacks,11,3.0,0
2026-02-11,P008,Galletas Chocolate,Snacks,0,3.0,0
2026-02-12,P008,Galletas Chocolate,Snacks,0,3.0,0
2026-02-13,P008,Galletas Chocolate,Snacks,0,3.0,0
2026-02-14,P008,Galletas Chocolate,Snacks,16,3.0,146
2026-02-15,P008,Galletas Chocolate,Snacks,29,3.0,117
2026-02-16,P008,Galletas Chocolate,Snacks,20,3.0,97
2026-02-17,P008,Galletas Chocolate,Snacks,22,3.0,75
2026-02-18,P008,Galletas Chocolate,Snacks,18,3.0,57
2026-02-19,P008,Galletas Chocolate,Snacks,17,3.0,40
2026-02-20,P008,Galletas Chocolate,Snacks,28,3.0,12
2026-02-21,P008,Galletas Chocolate,Snacks,12,3.0,0
2026-02-22,P008,Galletas Chocolate,Snacks,0,3.0,0
2026-02-23,P008,Galletas Chocolate,Snacks,0,3.0,0
2026-02-24,P008,Galletas Chocolate,Snacks,0,3.0,0
2026-02-25,P008,Galletas Chocolate,Snacks,0,3.0,0
2026-02-26,P008,Galletas Chocolate,Snacks,0,3.0,0
2026-02-27,P008,Galletas Chocolate,Snacks,26,3.0,159
2026-02-28,P008,Galletas Chocolate,Snacks,22,3.0,137
2026-03-01,P008,Galletas Chocolate,Snacks,29,3.0,108
2026-03-02,P008,Galletas Chocolate,Snacks,19,3.0,89
2026-03-03,P008,Galletas Chocolate,Snacks,16,3.0,73
2026-03-04,P008,Galletas Chocolate,Snacks,18,3.0,55
2026-03-05,P008,Galletas Chocolate,Snacks,17,3.0,38
2026-03-06,P008,Galletas Chocolate,Snacks,24,3.0,14
2026-03-07,P008,Galletas Chocolate,Snacks,14,3.0,0
2026-03-08,P008,Galletas Chocolate,Snacks,0,3.0,0
2026-03-09,P008,Galletas Chocolate,Snacks,0,3.0,0
2026-03-10,P008,Galletas Chocolate,Snacks,0,3.0,0
2026-03-11,P008,Galletas Chocolate,Snacks,0,3.0,0
2026-03-12,P008,Galletas Chocolate,Snacks,20,3.0,156
2026-03-13,P008,Galletas Chocolate,Snacks,23,3.0,133
2026-03-14,P008,Galletas Chocolate,Snacks,29,3.0,104
2026-03-15,P008,Galletas Chocolate,Snacks,24,3.0,80
2026-03-16,P008,Galletas Chocolate,Snacks,16,3.0,64
2026-03-17,P008,Galletas Chocolate,Snacks,18,3.0,46
2026-03-18,P008,Galletas Chocolate,Snacks,23,3.0,23
2026-03-19,P008,Galletas Chocolate,Snacks,21,3.0,2
2026-03-20,P008,Galletas Chocolate,Snacks,2,3.0,0
2026-03-21,P008,Galletas Chocolate,Snacks,0,3.0,0
2026-03-22,P008,Galletas Chocolate,Snacks,0,3.0,0
2026-03-23,P008,Galletas Chocolate,Snacks,0,3.0,0
2026-03-24,P008,Galletas Chocolate,Snacks,0,3.0,0
2026-03-25,P008,Galletas Chocolate,Snacks,23,3.0,151
2026-03-26,P008,Galletas Chocolate,Snacks,23,3.0,128
2026-03-27,P008,Galletas Chocolate,Snacks,25,3.0,103
2026-03-28,P008,Galletas Chocolate,Snacks,24,3.0,79
2026-03-29,P008,Galletas Chocolate,Snacks,21,3.0,58
2026-03-30,P008,Galletas Chocolate,Snacks,19,3.0,39
2026-03-31,P008,Galletas Chocolate,Snacks,15,3.0,24
2026-04-01,P008,Galletas Chocolate,Snacks,19,3.0,5
2026-04-02,P008,Galletas Chocolate,Snacks,5,3.0,0
2026-04-03,P008,Galletas Chocolate,Snacks,0,3.0,0
2026-04-04,P008,Galletas Chocolate,Snacks,0,3.0,0
2026-04-05,P008,Galletas Chocolate,Snacks,0,3.0,0
2026-04-06,P008,Galletas Chocolate,Snacks,0,3.0,0
2026-04-07,P008,Galletas Chocolate,Snacks,19,3.0,150
2026-04-08,P008,Galletas Chocolate,Snacks,15,3.0,135
2026-04-09,P008,Galletas Chocolate,Snacks,19,3.0,116
2026-04-10,P008,Galletas Chocolate,Snacks,20,3.0,96
2026-04-11,P008,Galletas Chocolate,Snacks,25,3.0,71
2026-04-12,P008,Galletas Chocolate,Snacks,29,3.0,42
2026-04-13,P008,Galletas Chocolate,Snacks,15,3.0,27
2026-04-14,P008,Galletas Chocolate,Snacks,20,3.0,7
2026-04-15,P008,Galletas Chocolate,Snacks,7,3.0,0
2026-04-16,P008,Galletas Chocolate,Snacks,0,3.0,0
2026-04-17,P008,Galletas Chocolate,Snacks,0,3.0,0
2026-04-18,P008,Galletas Chocolate,Snacks,0,3.0,0
2026-04-19,P008,Galletas Chocolate,Snacks,0,3.0,0
2026-04-20,P008,Galletas Chocolate,Snacks,18,3.0,149
2026-04-21,P008,Galletas Chocolate,Snacks,20,3.0,129
2026-04-22,P008,Galletas Chocolate,Snacks,21,3.0,108
2026-04-23,P008,Galletas Chocolate,Snacks,18,3.0,90
2026-04-24,P008,Galletas Chocolate,Snacks,25,3.0,65
2026-04-25,P008,Galletas Chocolate,Snacks,29,3.0,36
2026-04-26,P008,Galletas Chocolate,Snacks,23,3.0,13
2026-04-27,P008,Galletas Chocolate,Snacks,12,3.0,1
2026-04-28,P008,Galletas Chocolate,Snacks,0,3.0,1
2026-04-29,P008,Galletas Chocolate,Snacks,0,3.0,1
2026-04-30,P008,Galletas Chocolate,Snacks,0,3.0,1
2026-05-01,P008,Galletas Chocolate,Snacks,0,3.0,1
2026-05-02,P008,Galletas Chocolate,Snacks,0,3.0,1
2026-05-03,P008,Galletas Chocolate,Snacks,31,3.0,124
2026-05-04,P008,Galletas Chocolate,Snacks,16,3.0,108
2026-05-05,P008,Galletas Chocolate,Snacks,20,3.0,88
2026-05-06,P008,Galletas Chocolate,Snacks,12,3.0,76
2026-05-07,P008,Galletas Chocolate,Snacks,17,3.0,59
2026-05-08,P008,Galletas Chocolate,Snacks,27,3.0,32
2026-05-09,P008,Galletas Chocolate,Snacks,22,3.0,10
2026-05-10,P008,Galletas Chocolate,Snacks,10,3.0,0
2026-05-11,P008,Galletas Chocolate,Snacks,0,3.0,0
2026-05-12,P008,Galletas Chocolate,Snacks,0,3.0,0
2026-05-13,P008,Galletas Chocolate,Snacks,0,3.0,0
2026-05-14,P008,Galletas Chocolate,Snacks,0,3.0,0
2026-05-15,P008,Galletas Chocolate,Snacks,0,3.0,0
2026-05-16,P008,Galletas Chocolate,Snacks,23,3.0,169
2026-05-17,P008,Galletas Chocolate,Snacks,21,3.0,148
2026-05-18,P008,Galletas Chocolate,Snacks,20,3.0,128
2026-05-19,P008,Galletas Chocolate,Snacks,23,3.0,105
2026-05-20,P008,Galletas Chocolate,Snacks,20,3.0,85
2026-05-21,P008,Galletas Chocolate,Snacks,15,3.0,70
2026-05-22,P008,Galletas Chocolate,Snacks,24,3.0,46
2026-05-23,P008,Galletas Chocolate,Snacks,32,3.0,14
2026-05-24,P008,Galletas Chocolate,Snacks,14,3.0,0
2026-05-25,P008,Galletas Chocolate,Snacks,0,3.0,0
2026-05-26,P008,Galletas Chocolate,Snacks,0,3.0,0
2026-05-27,P008,Galletas Chocolate,Snacks,0,3.0,0
2026-05-28,P008,Galletas Chocolate,Snacks,0,3.0,0
2026-05-29,P008,Galletas Chocolate,Snacks,19,3.0,180
2026-05-30,P008,Galletas Chocolate,Snacks,31,3.0,149
2026-05-31,P008,Galletas Chocolate,Snacks,30,3.0,119
2026-06-01,P008,Galletas Chocolate,Snacks,22,3.0,97
2026-06-02,P008,Galletas Chocolate,Snacks,26,3.0,71
2026-06-03,P008,Galletas Chocolate,Snacks,24,3.0,47
2026-06-04,P008,Galletas Chocolate,Snacks,22,3.0,25
2026-06-05,P008,Galletas Chocolate,Snacks,14,3.0,11
2026-06-06,P008,Galletas Chocolate,Snacks,11,3.0,0
2026-06-07,P008,Galletas Chocolate,Snacks,0,3.0,0
2026-06-08,P008,Galletas Chocolate,Snacks,0,3.0,0
2026-06-09,P008,Galletas Chocolate,Snacks,0,3.0,0
2026-06-10,P008,Galletas Chocolate,Snacks,0,3.0,0
2026-06-11,P008,Galletas Chocolate,Snacks,24,3.0,169
2026-06-12,P008,Galletas Chocolate,Snacks,25,3.0,144
2026-06-13,P008,Galletas Chocolate,Snacks,32,3.0,112
2026-06-14,P008,Galletas Chocolate,Snacks,20,3.0,92
2026-06-15,P008,Galletas Chocolate,Snacks,20,3.0,72
2026-06-16,P008,Galletas Chocolate,Snacks,26,3.0,46
2026-06-17,P008,Galletas Chocolate,Snacks,15,3.0,31
2026-06-18,P008,Galletas Chocolate,Snacks,17,3.0,14
2026-06-19,P008,Galletas Chocolate,Snacks,13,3.0,1
2026-06-20,P008,Galletas Chocolate,Snacks,0,3.0,1
2026-06-21,P008,Galletas Chocolate,Snacks,0,3.0,1
2026-06-22,P008,Galletas Chocolate,Snacks,0,3.0,1
2026-06-23,P008,Galletas Chocolate,Snacks,0,3.0,1
2026-06-24,P008,Galletas Chocolate,Snacks,20,3.0,154
2026-06-25,P008,Galletas Chocolate,Snacks,24,3.0,130
2026-06-26,P008,Galletas Chocolate,Snacks,23,3.0,107
2026-06-27,P008,Galletas Chocolate,Snacks,28,3.0,79
2026-06-28,P008,Galletas Chocolate,Snacks,30,3.0,49
2026-06-29,P008,Galletas Chocolate,Snacks,16,3.0,33
2026-06-30,P008,Galletas Chocolate,Snacks,20,3.0,13
2026-07-01,P008,Galletas Chocolate,Snacks,12,3.0,1
2026-07-02,P008,Galletas Chocolate,Snacks,0,3.0,1
2026-07-03,P008,Galletas Chocolate,Snacks,0,3.0,1
2026-07-04,P008,Galletas Chocolate,Snacks,0,3.0,1
2026-07-05,P008,Galletas Chocolate,Snacks,0,3.0,1
